relative_path,image_name,image_path,width,height,tile_count,status,error,vector_row
data\pages/filler_text/passport_edge_00001_p02.jpg,passport_edge_00001_p02.jpg,data\pages\filler_text\passport_edge_00001_p02.jpg,1241,1754,22,ok,,0
data\pages/filler_text/passport_edge_00003_p01.jpg,passport_edge_00003_p01.jpg,data\pages\filler_text\passport_edge_00003_p01.jpg,1275,1650,26,ok,,1
data\pages/filler_text/passport_edge_00005_p02.jpg,passport_edge_00005_p02.jpg,data\pages\filler_text\passport_edge_00005_p02.jpg,1241,1754,22,ok,,2
data\pages/filler_text/passport_edge_00005_p03.jpg,passport_edge_00005_p03.jpg,data\pages\filler_text\passport_edge_00005_p03.jpg,1241,1754,22,ok,,3
data\pages/filler_text/passport_edge_00007_p01.jpg,passport_edge_00007_p01.jpg,data\pages\filler_text\passport_edge_00007_p01.jpg,1241,1754,21,ok,,4
data\pages/filler_text/passport_edge_00007_p02.jpg,passport_edge_00007_p02.jpg,data\pages\filler_text\passport_edge_00007_p02.jpg,1241,1754,18,ok,,5
data\pages/filler_text/passport_edge_00009_p02.jpg,passport_edge_00009_p02.jpg,data\pages\filler_text\passport_edge_00009_p02.jpg,1275,1650,12,ok,,6
data\pages/filler_text/passport_edge_00011_p02.jpg,passport_edge_00011_p02.jpg,data\pages\filler_text\passport_edge_00011_p02.jpg,1241,1754,18,ok,,7
data\pages/filler_text/passport_edge_00011_p03.jpg,passport_edge_00011_p03.jpg,data\pages\filler_text\passport_edge_00011_p03.jpg,1241,1754,18,ok,,8
data\pages/filler_text/passport_edge_00013_p01.jpg,passport_edge_00013_p01.jpg,data\pages\filler_text\passport_edge_00013_p01.jpg,1275,1650,22,ok,,9
data\pages/filler_text/passport_edge_00013_p03.jpg,passport_edge_00013_p03.jpg,data\pages\filler_text\passport_edge_00013_p03.jpg,1275,1650,18,ok,,10
data\pages/filler_text/passport_edge_00015_p01.jpg,passport_edge_00015_p01.jpg,data\pages\filler_text\passport_edge_00015_p01.jpg,1241,1754,18,ok,,11
data\pages/filler_text/passport_edge_00015_p02.jpg,passport_edge_00015_p02.jpg,data\pages\filler_text\passport_edge_00015_p02.jpg,1241,1754,18,ok,,12
data\pages/filler_text/passport_edge_00017_p01.jpg,passport_edge_00017_p01.jpg,data\pages\filler_text\passport_edge_00017_p01.jpg,1241,1754,16,ok,,13
data\pages/filler_text/passport_edge_00017_p03.jpg,passport_edge_00017_p03.jpg,data\pages\filler_text\passport_edge_00017_p03.jpg,1241,1754,22,ok,,14
data\pages/filler_text/passport_edge_00019_p02.jpg,passport_edge_00019_p02.jpg,data\pages\filler_text\passport_edge_00019_p02.jpg,1275,1650,26,ok,,15
data\pages/filler_text/passport_edge_00019_p03.jpg,passport_edge_00019_p03.jpg,data\pages\filler_text\passport_edge_00019_p03.jpg,1275,1650,6,ok,,16
data\pages/filler_text/passport_edge_00021_p02.jpg,passport_edge_00021_p02.jpg,data\pages\filler_text\passport_edge_00021_p02.jpg,1241,1754,21,ok,,17
data\pages/filler_text/passport_edge_00023_p02.jpg,passport_edge_00023_p02.jpg,data\pages\filler_text\passport_edge_00023_p02.jpg,1241,1754,21,ok,,18
data\pages/filler_text/passport_edge_00025_p01.jpg,passport_edge_00025_p01.jpg,data\pages\filler_text\passport_edge_00025_p01.jpg,1241,1754,22,ok,,19
data\pages/filler_text/passport_edge_00027_p01.jpg,passport_edge_00027_p01.jpg,data\pages\filler_text\passport_edge_00027_p01.jpg,1241,1754,18,ok,,20
data\pages/filler_text/passport_edge_00029_p01.jpg,passport_edge_00029_p01.jpg,data\pages\filler_text\passport_edge_00029_p01.jpg,1241,1754,22,ok,,21
data\pages/filler_text/passport_edge_00029_p02.jpg,passport_edge_00029_p02.jpg,data\pages\filler_text\passport_edge_00029_p02.jpg,1241,1754,22,ok,,22
data\pages/filler_text/passport_edge_00031_p01.jpg,passport_edge_00031_p01.jpg,data\pages\filler_text\passport_edge_00031_p01.jpg,1241,1754,22,ok,,23
data\pages/filler_text/passport_edge_00031_p02.jpg,passport_edge_00031_p02.jpg,data\pages\filler_text\passport_edge_00031_p02.jpg,1241,1754,22,ok,,24
data\pages/filler_text/passport_edge_00033_p01.jpg,passport_edge_00033_p01.jpg,data\pages\filler_text\passport_edge_00033_p01.jpg,1241,1754,18,ok,,25
data\pages/filler_text/passport_edge_00033_p03.jpg,passport_edge_00033_p03.jpg,data\pages\filler_text\passport_edge_00033_p03.jpg,1241,1754,22,ok,,26
data\pages/filler_text/passport_edge_00035_p01.jpg,passport_edge_00035_p01.jpg,data\pages\filler_text\passport_edge_00035_p01.jpg,1241,1754,22,ok,,27
data\pages/filler_text/passport_edge_00037_p02.jpg,passport_edge_00037_p02.jpg,data\pages\filler_text\passport_edge_00037_p02.jpg,1275,1650,10,ok,,28
data\pages/filler_text/passport_edge_00039_p01.jpg,passport_edge_00039_p01.jpg,data\pages\filler_text\passport_edge_00039_p01.jpg,1241,1754,22,ok,,29
data\pages/filler_text/passport_edge_00039_p02.jpg,passport_edge_00039_p02.jpg,data\pages\filler_text\passport_edge_00039_p02.jpg,1241,1754,18,ok,,30
data\pages/filler_text/passport_edge_00041_p01.jpg,passport_edge_00041_p01.jpg,data\pages\filler_text\passport_edge_00041_p01.jpg,1241,1754,21,ok,,31
data\pages/filler_text/passport_edge_00041_p02.jpg,passport_edge_00041_p02.jpg,data\pages\filler_text\passport_edge_00041_p02.jpg,1241,1754,22,ok,,32
data\pages/filler_text/passport_edge_00043_p01.jpg,passport_edge_00043_p01.jpg,data\pages\filler_text\passport_edge_00043_p01.jpg,1241,1754,18,ok,,33
data\pages/filler_text/passport_edge_00045_p01.jpg,passport_edge_00045_p01.jpg,data\pages\filler_text\passport_edge_00045_p01.jpg,1241,1754,21,ok,,34
data\pages/filler_text/passport_edge_00045_p02.jpg,passport_edge_00045_p02.jpg,data\pages\filler_text\passport_edge_00045_p02.jpg,1241,1754,18,ok,,35
data\pages/filler_text/passport_edge_00047_p01.jpg,passport_edge_00047_p01.jpg,data\pages\filler_text\passport_edge_00047_p01.jpg,1275,1650,26,ok,,36
data\pages/filler_text/passport_edge_00049_p01.jpg,passport_edge_00049_p01.jpg,data\pages\filler_text\passport_edge_00049_p01.jpg,1241,1754,18,ok,,37
data\pages/filler_text/passport_edge_00051_p01.jpg,passport_edge_00051_p01.jpg,data\pages\filler_text\passport_edge_00051_p01.jpg,1241,1754,22,ok,,38
data\pages/filler_text/passport_edge_00053_p01.jpg,passport_edge_00053_p01.jpg,data\pages\filler_text\passport_edge_00053_p01.jpg,1275,1650,26,ok,,39
data\pages/filler_text/passport_edge_00053_p02.jpg,passport_edge_00053_p02.jpg,data\pages\filler_text\passport_edge_00053_p02.jpg,1275,1650,26,ok,,40
data\pages/filler_text/passport_edge_00055_p01.jpg,passport_edge_00055_p01.jpg,data\pages\filler_text\passport_edge_00055_p01.jpg,1241,1754,20,ok,,41
data\pages/filler_text/passport_edge_00055_p03.jpg,passport_edge_00055_p03.jpg,data\pages\filler_text\passport_edge_00055_p03.jpg,1241,1754,22,ok,,42
data\pages/filler_text/passport_edge_00057_p02.jpg,passport_edge_00057_p02.jpg,data\pages\filler_text\passport_edge_00057_p02.jpg,1241,1754,20,ok,,43
data\pages/filler_text/passport_edge_00057_p03.jpg,passport_edge_00057_p03.jpg,data\pages\filler_text\passport_edge_00057_p03.jpg,1241,1754,21,ok,,44
data\pages/filler_text/passport_edge_00059_p01.jpg,passport_edge_00059_p01.jpg,data\pages\filler_text\passport_edge_00059_p01.jpg,1275,1650,26,ok,,45
data\pages/filler_text/passport_edge_00061_p01.jpg,passport_edge_00061_p01.jpg,data\pages\filler_text\passport_edge_00061_p01.jpg,1241,1754,18,ok,,46
data\pages/filler_text/passport_edge_00061_p02.jpg,passport_edge_00061_p02.jpg,data\pages\filler_text\passport_edge_00061_p02.jpg,1241,1754,21,ok,,47
data\pages/filler_text/passport_edge_00063_p02.jpg,passport_edge_00063_p02.jpg,data\pages\filler_text\passport_edge_00063_p02.jpg,1241,1754,21,ok,,48
data\pages/filler_text/passport_edge_00063_p03.jpg,passport_edge_00063_p03.jpg,data\pages\filler_text\passport_edge_00063_p03.jpg,1241,1754,16,ok,,49
data\pages/filler_text/passport_edge_00065_p01.jpg,passport_edge_00065_p01.jpg,data\pages\filler_text\passport_edge_00065_p01.jpg,1275,1650,26,ok,,50
data\pages/filler_text/passport_edge_00065_p02.jpg,passport_edge_00065_p02.jpg,data\pages\filler_text\passport_edge_00065_p02.jpg,1275,1650,18,ok,,51
data\pages/filler_text/passport_edge_00067_p02.jpg,passport_edge_00067_p02.jpg,data\pages\filler_text\passport_edge_00067_p02.jpg,1241,1754,16,ok,,52
data\pages/filler_text/passport_edge_00067_p03.jpg,passport_edge_00067_p03.jpg,data\pages\filler_text\passport_edge_00067_p03.jpg,1241,1754,22,ok,,53
data\pages/filler_text/passport_edge_00069_p01.jpg,passport_edge_00069_p01.jpg,data\pages\filler_text\passport_edge_00069_p01.jpg,1241,1754,22,ok,,54
data\pages/filler_text/passport_edge_00069_p03.jpg,passport_edge_00069_p03.jpg,data\pages\filler_text\passport_edge_00069_p03.jpg,1241,1754,22,ok,,55
data\pages/filler_text/passport_edge_00071_p01.jpg,passport_edge_00071_p01.jpg,data\pages\filler_text\passport_edge_00071_p01.jpg,1241,1754,22,ok,,56
data\pages/filler_text/passport_edge_00071_p03.jpg,passport_edge_00071_p03.jpg,data\pages\filler_text\passport_edge_00071_p03.jpg,1241,1754,22,ok,,57
data\pages/filler_text/passport_edge_00073_p02.jpg,passport_edge_00073_p02.jpg,data\pages\filler_text\passport_edge_00073_p02.jpg,1241,1754,22,ok,,58
data\pages/filler_text/passport_edge_00073_p03.jpg,passport_edge_00073_p03.jpg,data\pages\filler_text\passport_edge_00073_p03.jpg,1241,1754,21,ok,,59
data\pages/filler_text/passport_edge_00075_p01.jpg,passport_edge_00075_p01.jpg,data\pages\filler_text\passport_edge_00075_p01.jpg,1241,1754,22,ok,,60
data\pages/filler_text/passport_edge_00075_p03.jpg,passport_edge_00075_p03.jpg,data\pages\filler_text\passport_edge_00075_p03.jpg,1241,1754,18,ok,,61
data\pages/filler_text/passport_edge_00077_p02.jpg,passport_edge_00077_p02.jpg,data\pages\filler_text\passport_edge_00077_p02.jpg,1241,1754,16,ok,,62
data\pages/filler_text/passport_edge_00079_p01.jpg,passport_edge_00079_p01.jpg,data\pages\filler_text\passport_edge_00079_p01.jpg,1241,1754,22,ok,,63
data\pages/filler_text/passport_edge_00079_p03.jpg,passport_edge_00079_p03.jpg,data\pages\filler_text\passport_edge_00079_p03.jpg,1241,1754,22,ok,,64
data\pages/filler_text/passport_edge_00081_p01.jpg,passport_edge_00081_p01.jpg,data\pages\filler_text\passport_edge_00081_p01.jpg,1241,1754,18,ok,,65
data\pages/filler_text/passport_edge_00083_p02.jpg,passport_edge_00083_p02.jpg,data\pages\filler_text\passport_edge_00083_p02.jpg,1241,1754,22,ok,,66
data\pages/filler_text/passport_edge_00085_p02.jpg,passport_edge_00085_p02.jpg,data\pages\filler_text\passport_edge_00085_p02.jpg,1275,1650,12,ok,,67
data\pages/filler_text/passport_edge_00087_p01.jpg,passport_edge_00087_p01.jpg,data\pages\filler_text\passport_edge_00087_p01.jpg,1241,1754,21,ok,,68
data\pages/filler_text/passport_edge_00087_p02.jpg,passport_edge_00087_p02.jpg,data\pages\filler_text\passport_edge_00087_p02.jpg,1241,1754,22,ok,,69
data\pages/filler_text/passport_edge_00089_p01.jpg,passport_edge_00089_p01.jpg,data\pages\filler_text\passport_edge_00089_p01.jpg,1241,1754,21,ok,,70
data\pages/filler_text/passport_edge_00089_p02.jpg,passport_edge_00089_p02.jpg,data\pages\filler_text\passport_edge_00089_p02.jpg,1241,1754,22,ok,,71
data\pages/filler_text/passport_edge_00091_p01.jpg,passport_edge_00091_p01.jpg,data\pages\filler_text\passport_edge_00091_p01.jpg,1241,1754,22,ok,,72
data\pages/filler_text/passport_edge_00091_p02.jpg,passport_edge_00091_p02.jpg,data\pages\filler_text\passport_edge_00091_p02.jpg,1241,1754,18,ok,,73
data\pages/filler_text/passport_edge_00093_p02.jpg,passport_edge_00093_p02.jpg,data\pages\filler_text\passport_edge_00093_p02.jpg,1241,1754,22,ok,,74
data\pages/filler_text/passport_edge_00093_p03.jpg,passport_edge_00093_p03.jpg,data\pages\filler_text\passport_edge_00093_p03.jpg,1241,1754,18,ok,,75
data\pages/filler_text/passport_edge_00095_p01.jpg,passport_edge_00095_p01.jpg,data\pages\filler_text\passport_edge_00095_p01.jpg,1241,1754,18,ok,,76
data\pages/filler_text/passport_edge_00095_p02.jpg,passport_edge_00095_p02.jpg,data\pages\filler_text\passport_edge_00095_p02.jpg,1241,1754,22,ok,,77
data\pages/filler_text/passport_edge_00097_p02.jpg,passport_edge_00097_p02.jpg,data\pages\filler_text\passport_edge_00097_p02.jpg,1241,1754,18,ok,,78
data\pages/filler_text/passport_edge_00099_p01.jpg,passport_edge_00099_p01.jpg,data\pages\filler_text\passport_edge_00099_p01.jpg,1241,1754,22,ok,,79
data\pages/filler_text/passport_edge_00099_p03.jpg,passport_edge_00099_p03.jpg,data\pages\filler_text\passport_edge_00099_p03.jpg,1241,1754,21,ok,,80
data\pages/filler_text/passport_edge_00101_p01.jpg,passport_edge_00101_p01.jpg,data\pages\filler_text\passport_edge_00101_p01.jpg,1241,1754,22,ok,,81
data\pages/filler_text/passport_edge_00101_p02.jpg,passport_edge_00101_p02.jpg,data\pages\filler_text\passport_edge_00101_p02.jpg,1241,1754,20,ok,,82
data\pages/filler_text/passport_edge_00103_p01.jpg,passport_edge_00103_p01.jpg,data\pages\filler_text\passport_edge_00103_p01.jpg,1241,1754,20,ok,,83
data\pages/filler_text/passport_edge_00103_p02.jpg,passport_edge_00103_p02.jpg,data\pages\filler_text\passport_edge_00103_p02.jpg,1241,1754,22,ok,,84
data\pages/filler_text/passport_edge_00105_p01.jpg,passport_edge_00105_p01.jpg,data\pages\filler_text\passport_edge_00105_p01.jpg,1241,1754,18,ok,,85
data\pages/filler_text/passport_edge_00105_p02.jpg,passport_edge_00105_p02.jpg,data\pages\filler_text\passport_edge_00105_p02.jpg,1241,1754,22,ok,,86
data\pages/filler_text/passport_edge_00107_p01.jpg,passport_edge_00107_p01.jpg,data\pages\filler_text\passport_edge_00107_p01.jpg,1241,1754,16,ok,,87
data\pages/filler_text/passport_edge_00107_p02.jpg,passport_edge_00107_p02.jpg,data\pages\filler_text\passport_edge_00107_p02.jpg,1241,1754,22,ok,,88
data\pages/filler_text/passport_edge_00109_p01.jpg,passport_edge_00109_p01.jpg,data\pages\filler_text\passport_edge_00109_p01.jpg,1241,1754,22,ok,,89
data\pages/filler_text/passport_edge_00109_p02.jpg,passport_edge_00109_p02.jpg,data\pages\filler_text\passport_edge_00109_p02.jpg,1241,1754,22,ok,,90
data\pages/filler_text/passport_edge_00111_p01.jpg,passport_edge_00111_p01.jpg,data\pages\filler_text\passport_edge_00111_p01.jpg,1275,1650,26,ok,,91
data\pages/filler_text/passport_edge_00113_p01.jpg,passport_edge_00113_p01.jpg,data\pages\filler_text\passport_edge_00113_p01.jpg,1241,1754,20,ok,,92
data\pages/filler_text/passport_edge_00115_p02.jpg,passport_edge_00115_p02.jpg,data\pages\filler_text\passport_edge_00115_p02.jpg,1275,1650,26,ok,,93
data\pages/filler_text/passport_edge_00115_p03.jpg,passport_edge_00115_p03.jpg,data\pages\filler_text\passport_edge_00115_p03.jpg,1275,1650,6,ok,,94
data\pages/filler_text/passport_edge_00117_p01.jpg,passport_edge_00117_p01.jpg,data\pages\filler_text\passport_edge_00117_p01.jpg,1241,1754,22,ok,,95
data\pages/filler_text/passport_edge_00119_p01.jpg,passport_edge_00119_p01.jpg,data\pages\filler_text\passport_edge_00119_p01.jpg,1241,1754,22,ok,,96
data\pages/filler_text/passport_edge_00121_p01.jpg,passport_edge_00121_p01.jpg,data\pages\filler_text\passport_edge_00121_p01.jpg,1241,1754,22,ok,,97
data\pages/filler_text/passport_edge_00123_p02.jpg,passport_edge_00123_p02.jpg,data\pages\filler_text\passport_edge_00123_p02.jpg,1241,1754,22,ok,,98
data\pages/filler_text/passport_edge_00123_p03.jpg,passport_edge_00123_p03.jpg,data\pages\filler_text\passport_edge_00123_p03.jpg,1241,1754,18,ok,,99
data\pages/filler_text/passport_edge_00125_p01.jpg,passport_edge_00125_p01.jpg,data\pages\filler_text\passport_edge_00125_p01.jpg,1241,1754,22,ok,,100
data\pages/filler_text/passport_edge_00125_p03.jpg,passport_edge_00125_p03.jpg,data\pages\filler_text\passport_edge_00125_p03.jpg,1241,1754,20,ok,,101
data\pages/filler_text/passport_edge_00127_p01.jpg,passport_edge_00127_p01.jpg,data\pages\filler_text\passport_edge_00127_p01.jpg,1241,1754,22,ok,,102
data\pages/filler_text/passport_edge_00127_p02.jpg,passport_edge_00127_p02.jpg,data\pages\filler_text\passport_edge_00127_p02.jpg,1241,1754,20,ok,,103
data\pages/filler_text/passport_edge_00129_p01.jpg,passport_edge_00129_p01.jpg,data\pages\filler_text\passport_edge_00129_p01.jpg,1275,1650,22,ok,,104
data\pages/filler_text/passport_edge_00129_p03.jpg,passport_edge_00129_p03.jpg,data\pages\filler_text\passport_edge_00129_p03.jpg,1275,1650,18,ok,,105
data\pages/filler_text/passport_edge_00131_p01.jpg,passport_edge_00131_p01.jpg,data\pages\filler_text\passport_edge_00131_p01.jpg,1275,1650,26,ok,,106
data\pages/filler_text/passport_edge_00133_p01.jpg,passport_edge_00133_p01.jpg,data\pages\filler_text\passport_edge_00133_p01.jpg,1241,1754,21,ok,,107
data\pages/filler_text/passport_edge_00133_p03.jpg,passport_edge_00133_p03.jpg,data\pages\filler_text\passport_edge_00133_p03.jpg,1241,1754,22,ok,,108
data\pages/filler_text/passport_edge_00135_p01.jpg,passport_edge_00135_p01.jpg,data\pages\filler_text\passport_edge_00135_p01.jpg,1241,1754,22,ok,,109
data\pages/filler_text/passport_edge_00135_p03.jpg,passport_edge_00135_p03.jpg,data\pages\filler_text\passport_edge_00135_p03.jpg,1241,1754,22,ok,,110
data\pages/filler_text/passport_edge_00137_p01.jpg,passport_edge_00137_p01.jpg,data\pages\filler_text\passport_edge_00137_p01.jpg,1275,1650,26,ok,,111
data\pages/filler_text/passport_edge_00137_p03.jpg,passport_edge_00137_p03.jpg,data\pages\filler_text\passport_edge_00137_p03.jpg,1275,1650,6,ok,,112
data\pages/filler_text/passport_edge_00139_p02.jpg,passport_edge_00139_p02.jpg,data\pages\filler_text\passport_edge_00139_p02.jpg,1241,1754,22,ok,,113
data\pages/filler_text/passport_edge_00141_p01.jpg,passport_edge_00141_p01.jpg,data\pages\filler_text\passport_edge_00141_p01.jpg,1241,1754,22,ok,,114
data\pages/filler_text/passport_edge_00141_p03.jpg,passport_edge_00141_p03.jpg,data\pages\filler_text\passport_edge_00141_p03.jpg,1241,1754,22,ok,,115
data\pages/filler_text/passport_edge_00143_p01.jpg,passport_edge_00143_p01.jpg,data\pages\filler_text\passport_edge_00143_p01.jpg,1241,1754,22,ok,,116
data\pages/filler_text/passport_edge_00143_p03.jpg,passport_edge_00143_p03.jpg,data\pages\filler_text\passport_edge_00143_p03.jpg,1241,1754,22,ok,,117
data\pages/filler_text/passport_edge_00145_p02.jpg,passport_edge_00145_p02.jpg,data\pages\filler_text\passport_edge_00145_p02.jpg,1241,1754,22,ok,,118
data\pages/filler_text/passport_edge_00145_p03.jpg,passport_edge_00145_p03.jpg,data\pages\filler_text\passport_edge_00145_p03.jpg,1241,1754,20,ok,,119
data\pages/filler_text/passport_edge_00147_p01.jpg,passport_edge_00147_p01.jpg,data\pages\filler_text\passport_edge_00147_p01.jpg,1241,1754,22,ok,,120
data\pages/filler_text/passport_edge_00147_p03.jpg,passport_edge_00147_p03.jpg,data\pages\filler_text\passport_edge_00147_p03.jpg,1241,1754,16,ok,,121
data\pages/filler_text/passport_edge_00149_p01.jpg,passport_edge_00149_p01.jpg,data\pages\filler_text\passport_edge_00149_p01.jpg,1241,1754,22,ok,,122
data\pages/filler_text/passport_edge_00149_p02.jpg,passport_edge_00149_p02.jpg,data\pages\filler_text\passport_edge_00149_p02.jpg,1241,1754,22,ok,,123
data\pages/filler_text/passport_edge_00151_p01.jpg,passport_edge_00151_p01.jpg,data\pages\filler_text\passport_edge_00151_p01.jpg,1241,1754,22,ok,,124
data\pages/filler_text/passport_edge_00153_p01.jpg,passport_edge_00153_p01.jpg,data\pages\filler_text\passport_edge_00153_p01.jpg,1275,1650,26,ok,,125
data\pages/filler_text/passport_edge_00153_p02.jpg,passport_edge_00153_p02.jpg,data\pages\filler_text\passport_edge_00153_p02.jpg,1275,1650,26,ok,,126
data\pages/filler_text/passport_edge_00155_p01.jpg,passport_edge_00155_p01.jpg,data\pages\filler_text\passport_edge_00155_p01.jpg,1241,1754,22,ok,,127
data\pages/filler_text/passport_edge_00155_p03.jpg,passport_edge_00155_p03.jpg,data\pages\filler_text\passport_edge_00155_p03.jpg,1241,1754,18,ok,,128
data\pages/filler_text/passport_edge_00157_p02.jpg,passport_edge_00157_p02.jpg,data\pages\filler_text\passport_edge_00157_p02.jpg,1275,1650,12,ok,,129
data\pages/filler_text/passport_edge_00159_p02.jpg,passport_edge_00159_p02.jpg,data\pages\filler_text\passport_edge_00159_p02.jpg,1241,1754,22,ok,,130
data\pages/filler_text/passport_edge_00159_p03.jpg,passport_edge_00159_p03.jpg,data\pages\filler_text\passport_edge_00159_p03.jpg,1241,1754,22,ok,,131
data\pages/filler_text/passport_edge_00161_p02.jpg,passport_edge_00161_p02.jpg,data\pages\filler_text\passport_edge_00161_p02.jpg,1275,1650,22,ok,,132
data\pages/filler_text/passport_edge_00163_p02.jpg,passport_edge_00163_p02.jpg,data\pages\filler_text\passport_edge_00163_p02.jpg,1241,1754,22,ok,,133
data\pages/filler_text/passport_edge_00163_p03.jpg,passport_edge_00163_p03.jpg,data\pages\filler_text\passport_edge_00163_p03.jpg,1241,1754,18,ok,,134
data\pages/filler_text/passport_edge_00165_p02.jpg,passport_edge_00165_p02.jpg,data\pages\filler_text\passport_edge_00165_p02.jpg,1275,1650,12,ok,,135
data\pages/filler_text/passport_edge_00167_p01.jpg,passport_edge_00167_p01.jpg,data\pages\filler_text\passport_edge_00167_p01.jpg,1275,1650,26,ok,,136
data\pages/filler_text/passport_edge_00169_p02.jpg,passport_edge_00169_p02.jpg,data\pages\filler_text\passport_edge_00169_p02.jpg,1241,1754,22,ok,,137
data\pages/filler_text/passport_edge_00169_p03.jpg,passport_edge_00169_p03.jpg,data\pages\filler_text\passport_edge_00169_p03.jpg,1241,1754,22,ok,,138
data\pages/filler_text/passport_edge_00171_p01.jpg,passport_edge_00171_p01.jpg,data\pages\filler_text\passport_edge_00171_p01.jpg,1241,1754,21,ok,,139
data\pages/filler_text/passport_edge_00171_p02.jpg,passport_edge_00171_p02.jpg,data\pages\filler_text\passport_edge_00171_p02.jpg,1241,1754,16,ok,,140
data\pages/filler_text/passport_edge_00173_p02.jpg,passport_edge_00173_p02.jpg,data\pages\filler_text\passport_edge_00173_p02.jpg,1275,1650,10,ok,,141
data\pages/filler_text/passport_edge_00175_p02.jpg,passport_edge_00175_p02.jpg,data\pages\filler_text\passport_edge_00175_p02.jpg,1241,1754,18,ok,,142
data\pages/filler_text/passport_edge_00175_p03.jpg,passport_edge_00175_p03.jpg,data\pages\filler_text\passport_edge_00175_p03.jpg,1241,1754,18,ok,,143
data\pages/filler_text/passport_edge_00177_p02.jpg,passport_edge_00177_p02.jpg,data\pages\filler_text\passport_edge_00177_p02.jpg,1275,1650,7,ok,,144
data\pages/filler_text/passport_edge_00179_p01.jpg,passport_edge_00179_p01.jpg,data\pages\filler_text\passport_edge_00179_p01.jpg,1241,1754,16,ok,,145
data\pages/filler_text/passport_edge_00179_p02.jpg,passport_edge_00179_p02.jpg,data\pages\filler_text\passport_edge_00179_p02.jpg,1241,1754,18,ok,,146
data\pages/filler_text/passport_edge_00181_p01.jpg,passport_edge_00181_p01.jpg,data\pages\filler_text\passport_edge_00181_p01.jpg,1275,1650,26,ok,,147
data\pages/filler_text/passport_edge_00181_p02.jpg,passport_edge_00181_p02.jpg,data\pages\filler_text\passport_edge_00181_p02.jpg,1275,1650,18,ok,,148
data\pages/filler_text/passport_edge_00183_p01.jpg,passport_edge_00183_p01.jpg,data\pages\filler_text\passport_edge_00183_p01.jpg,1241,1754,22,ok,,149
data\pages/filler_text/passport_edge_00183_p02.jpg,passport_edge_00183_p02.jpg,data\pages\filler_text\passport_edge_00183_p02.jpg,1241,1754,16,ok,,150
data\pages/filler_text/passport_edge_00185_p01.jpg,passport_edge_00185_p01.jpg,data\pages\filler_text\passport_edge_00185_p01.jpg,1275,1650,26,ok,,151
data\pages/filler_text/passport_edge_00187_p02.jpg,passport_edge_00187_p02.jpg,data\pages\filler_text\passport_edge_00187_p02.jpg,1241,1754,22,ok,,152
data\pages/filler_text/passport_edge_00187_p03.jpg,passport_edge_00187_p03.jpg,data\pages\filler_text\passport_edge_00187_p03.jpg,1241,1754,18,ok,,153
data\pages/filler_text/passport_edge_00189_p01.jpg,passport_edge_00189_p01.jpg,data\pages\filler_text\passport_edge_00189_p01.jpg,1241,1754,22,ok,,154
data\pages/filler_text/passport_edge_00189_p03.jpg,passport_edge_00189_p03.jpg,data\pages\filler_text\passport_edge_00189_p03.jpg,1241,1754,22,ok,,155
data\pages/filler_text/passport_edge_00191_p01.jpg,passport_edge_00191_p01.jpg,data\pages\filler_text\passport_edge_00191_p01.jpg,1241,1754,22,ok,,156
data\pages/filler_text/passport_edge_00191_p03.jpg,passport_edge_00191_p03.jpg,data\pages\filler_text\passport_edge_00191_p03.jpg,1241,1754,18,ok,,157
data\pages/filler_text/passport_edge_00193_p01.jpg,passport_edge_00193_p01.jpg,data\pages\filler_text\passport_edge_00193_p01.jpg,1241,1754,22,ok,,158
data\pages/filler_text/passport_edge_00195_p01.jpg,passport_edge_00195_p01.jpg,data\pages\filler_text\passport_edge_00195_p01.jpg,1275,1650,26,ok,,159
data\pages/filler_text/passport_edge_00197_p02.jpg,passport_edge_00197_p02.jpg,data\pages\filler_text\passport_edge_00197_p02.jpg,1241,1754,20,ok,,160
data\pages/filler_text/passport_edge_00199_p01.jpg,passport_edge_00199_p01.jpg,data\pages\filler_text\passport_edge_00199_p01.jpg,1241,1754,22,ok,,161
data\pages/filler_text/passport_edge_00199_p02.jpg,passport_edge_00199_p02.jpg,data\pages\filler_text\passport_edge_00199_p02.jpg,1241,1754,20,ok,,162
data\pages/filler_text/passport_edge_00201_p02.jpg,passport_edge_00201_p02.jpg,data\pages\filler_text\passport_edge_00201_p02.jpg,1241,1754,16,ok,,163
data\pages/filler_text/passport_edge_00203_p01.jpg,passport_edge_00203_p01.jpg,data\pages\filler_text\passport_edge_00203_p01.jpg,1275,1650,26,ok,,164
data\pages/filler_text/passport_edge_00203_p03.jpg,passport_edge_00203_p03.jpg,data\pages\filler_text\passport_edge_00203_p03.jpg,1275,1650,7,ok,,165
data\pages/filler_text/passport_edge_00205_p01.jpg,passport_edge_00205_p01.jpg,data\pages\filler_text\passport_edge_00205_p01.jpg,1241,1754,18,ok,,166
data\pages/filler_text/passport_edge_00205_p03.jpg,passport_edge_00205_p03.jpg,data\pages\filler_text\passport_edge_00205_p03.jpg,1241,1754,22,ok,,167
data\pages/filler_text/passport_edge_00207_p01.jpg,passport_edge_00207_p01.jpg,data\pages\filler_text\passport_edge_00207_p01.jpg,1241,1754,16,ok,,168
data\pages/filler_text/passport_edge_00207_p03.jpg,passport_edge_00207_p03.jpg,data\pages\filler_text\passport_edge_00207_p03.jpg,1241,1754,16,ok,,169
data\pages/filler_text/passport_edge_00209_p01.jpg,passport_edge_00209_p01.jpg,data\pages\filler_text\passport_edge_00209_p01.jpg,1241,1754,22,ok,,170
data\pages/filler_text/passport_edge_00209_p02.jpg,passport_edge_00209_p02.jpg,data\pages\filler_text\passport_edge_00209_p02.jpg,1241,1754,16,ok,,171
data\pages/filler_text/passport_edge_00211_p01.jpg,passport_edge_00211_p01.jpg,data\pages\filler_text\passport_edge_00211_p01.jpg,1241,1754,20,ok,,172
data\pages/filler_text/passport_edge_00211_p02.jpg,passport_edge_00211_p02.jpg,data\pages\filler_text\passport_edge_00211_p02.jpg,1241,1754,22,ok,,173
data\pages/filler_text/passport_edge_00213_p01.jpg,passport_edge_00213_p01.jpg,data\pages\filler_text\passport_edge_00213_p01.jpg,1275,1650,16,ok,,174
data\pages/filler_text/passport_edge_00213_p03.jpg,passport_edge_00213_p03.jpg,data\pages\filler_text\passport_edge_00213_p03.jpg,1275,1650,26,ok,,175
data\pages/filler_text/passport_edge_00215_p01.jpg,passport_edge_00215_p01.jpg,data\pages\filler_text\passport_edge_00215_p01.jpg,1241,1754,22,ok,,176
data\pages/filler_text/passport_edge_00215_p03.jpg,passport_edge_00215_p03.jpg,data\pages\filler_text\passport_edge_00215_p03.jpg,1241,1754,21,ok,,177
data\pages/filler_text/passport_edge_00217_p01.jpg,passport_edge_00217_p01.jpg,data\pages\filler_text\passport_edge_00217_p01.jpg,1241,1754,18,ok,,178
data\pages/filler_text/passport_edge_00217_p03.jpg,passport_edge_00217_p03.jpg,data\pages\filler_text\passport_edge_00217_p03.jpg,1241,1754,22,ok,,179
data\pages/filler_text/passport_edge_00219_p02.jpg,passport_edge_00219_p02.jpg,data\pages\filler_text\passport_edge_00219_p02.jpg,1241,1754,20,ok,,180
data\pages/filler_text/passport_edge_00219_p03.jpg,passport_edge_00219_p03.jpg,data\pages\filler_text\passport_edge_00219_p03.jpg,1241,1754,21,ok,,181
data\pages/filler_text/passport_edge_00221_p01.jpg,passport_edge_00221_p01.jpg,data\pages\filler_text\passport_edge_00221_p01.jpg,1275,1650,19,ok,,182
data\pages/filler_text/passport_edge_00221_p03.jpg,passport_edge_00221_p03.jpg,data\pages\filler_text\passport_edge_00221_p03.jpg,1275,1650,10,ok,,183
data\pages/filler_text/passport_edge_00223_p02.jpg,passport_edge_00223_p02.jpg,data\pages\filler_text\passport_edge_00223_p02.jpg,1241,1754,22,ok,,184
data\pages/filler_text/passport_edge_00225_p02.jpg,passport_edge_00225_p02.jpg,data\pages\filler_text\passport_edge_00225_p02.jpg,1241,1754,22,ok,,185
data\pages/filler_text/passport_edge_00227_p01.jpg,passport_edge_00227_p01.jpg,data\pages\filler_text\passport_edge_00227_p01.jpg,1275,1650,18,ok,,186
data\pages/filler_text/passport_edge_00227_p03.jpg,passport_edge_00227_p03.jpg,data\pages\filler_text\passport_edge_00227_p03.jpg,1275,1650,7,ok,,187
data\pages/filler_text/passport_edge_00229_p02.jpg,passport_edge_00229_p02.jpg,data\pages\filler_text\passport_edge_00229_p02.jpg,1241,1754,18,ok,,188
data\pages/filler_text/passport_edge_00229_p03.jpg,passport_edge_00229_p03.jpg,data\pages\filler_text\passport_edge_00229_p03.jpg,1241,1754,22,ok,,189
data\pages/filler_text/passport_edge_00231_p01.jpg,passport_edge_00231_p01.jpg,data\pages\filler_text\passport_edge_00231_p01.jpg,1275,1650,18,ok,,190
data\pages/filler_text/passport_edge_00233_p01.jpg,passport_edge_00233_p01.jpg,data\pages\filler_text\passport_edge_00233_p01.jpg,1241,1754,20,ok,,191
data\pages/filler_text/passport_edge_00233_p02.jpg,passport_edge_00233_p02.jpg,data\pages\filler_text\passport_edge_00233_p02.jpg,1241,1754,22,ok,,192
data\pages/filler_text/passport_edge_00235_p01.jpg,passport_edge_00235_p01.jpg,data\pages\filler_text\passport_edge_00235_p01.jpg,1241,1754,21,ok,,193
data\pages/filler_text/passport_edge_00235_p03.jpg,passport_edge_00235_p03.jpg,data\pages\filler_text\passport_edge_00235_p03.jpg,1241,1754,22,ok,,194
data\pages/filler_text/passport_edge_00237_p01.jpg,passport_edge_00237_p01.jpg,data\pages\filler_text\passport_edge_00237_p01.jpg,1241,1754,22,ok,,195
data\pages/filler_text/passport_edge_00237_p02.jpg,passport_edge_00237_p02.jpg,data\pages\filler_text\passport_edge_00237_p02.jpg,1241,1754,22,ok,,196
data\pages/filler_text/passport_edge_00239_p01.jpg,passport_edge_00239_p01.jpg,data\pages\filler_text\passport_edge_00239_p01.jpg,1241,1754,18,ok,,197
data\pages/filler_text/passport_edge_00239_p02.jpg,passport_edge_00239_p02.jpg,data\pages\filler_text\passport_edge_00239_p02.jpg,1241,1754,18,ok,,198
data\pages/filler_text/passport_edge_00241_p01.jpg,passport_edge_00241_p01.jpg,data\pages\filler_text\passport_edge_00241_p01.jpg,1241,1754,22,ok,,199
data\pages/filler_text/passport_edge_00241_p02.jpg,passport_edge_00241_p02.jpg,data\pages\filler_text\passport_edge_00241_p02.jpg,1241,1754,22,ok,,200
data\pages/filler_text/passport_edge_00243_p02.jpg,passport_edge_00243_p02.jpg,data\pages\filler_text\passport_edge_00243_p02.jpg,1241,1754,18,ok,,201
data\pages/filler_text/passport_edge_00243_p03.jpg,passport_edge_00243_p03.jpg,data\pages\filler_text\passport_edge_00243_p03.jpg,1241,1754,22,ok,,202
data\pages/filler_text/passport_normal_00000_p02.jpg,passport_normal_00000_p02.jpg,data\pages\filler_text\passport_normal_00000_p02.jpg,1275,1650,6,ok,,203
data\pages/filler_text/passport_normal_00002_p01.jpg,passport_normal_00002_p01.jpg,data\pages\filler_text\passport_normal_00002_p01.jpg,1241,1754,18,ok,,204
data\pages/filler_text/passport_normal_00004_p02.jpg,passport_normal_00004_p02.jpg,data\pages\filler_text\passport_normal_00004_p02.jpg,1241,1754,21,ok,,205
data\pages/filler_text/passport_normal_00006_p01.jpg,passport_normal_00006_p01.jpg,data\pages\filler_text\passport_normal_00006_p01.jpg,1241,1754,20,ok,,206
data\pages/filler_text/passport_normal_00006_p03.jpg,passport_normal_00006_p03.jpg,data\pages\filler_text\passport_normal_00006_p03.jpg,1241,1754,20,ok,,207
data\pages/filler_text/passport_normal_00008_p02.jpg,passport_normal_00008_p02.jpg,data\pages\filler_text\passport_normal_00008_p02.jpg,1275,1650,18,ok,,208
data\pages/filler_text/passport_normal_00010_p02.jpg,passport_normal_00010_p02.jpg,data\pages\filler_text\passport_normal_00010_p02.jpg,1241,1754,22,ok,,209
data\pages/filler_text/passport_normal_00010_p03.jpg,passport_normal_00010_p03.jpg,data\pages\filler_text\passport_normal_00010_p03.jpg,1241,1754,20,ok,,210
data\pages/filler_text/passport_normal_00012_p02.jpg,passport_normal_00012_p02.jpg,data\pages\filler_text\passport_normal_00012_p02.jpg,1241,1754,18,ok,,211
data\pages/filler_text/passport_normal_00012_p03.jpg,passport_normal_00012_p03.jpg,data\pages\filler_text\passport_normal_00012_p03.jpg,1241,1754,22,ok,,212
data\pages/filler_text/passport_normal_00014_p02.jpg,passport_normal_00014_p02.jpg,data\pages\filler_text\passport_normal_00014_p02.jpg,1241,1754,22,ok,,213
data\pages/filler_text/passport_normal_00014_p03.jpg,passport_normal_00014_p03.jpg,data\pages\filler_text\passport_normal_00014_p03.jpg,1241,1754,22,ok,,214
data\pages/filler_text/passport_normal_00016_p02.jpg,passport_normal_00016_p02.jpg,data\pages\filler_text\passport_normal_00016_p02.jpg,1275,1650,6,ok,,215
data\pages/filler_text/passport_normal_00018_p01.jpg,passport_normal_00018_p01.jpg,data\pages\filler_text\passport_normal_00018_p01.jpg,1275,1650,22,ok,,216
data\pages/filler_text/passport_normal_00020_p01.jpg,passport_normal_00020_p01.jpg,data\pages\filler_text\passport_normal_00020_p01.jpg,1241,1754,22,ok,,217
data\pages/filler_text/passport_normal_00022_p02.jpg,passport_normal_00022_p02.jpg,data\pages\filler_text\passport_normal_00022_p02.jpg,1241,1754,18,ok,,218
data\pages/filler_text/passport_normal_00022_p03.jpg,passport_normal_00022_p03.jpg,data\pages\filler_text\passport_normal_00022_p03.jpg,1241,1754,22,ok,,219
data\pages/filler_text/passport_normal_00024_p01.jpg,passport_normal_00024_p01.jpg,data\pages\filler_text\passport_normal_00024_p01.jpg,1241,1754,18,ok,,220
data\pages/filler_text/passport_normal_00024_p02.jpg,passport_normal_00024_p02.jpg,data\pages\filler_text\passport_normal_00024_p02.jpg,1241,1754,22,ok,,221
data\pages/filler_text/passport_normal_00026_p02.jpg,passport_normal_00026_p02.jpg,data\pages\filler_text\passport_normal_00026_p02.jpg,1241,1754,22,ok,,222
data\pages/filler_text/passport_normal_00028_p01.jpg,passport_normal_00028_p01.jpg,data\pages\filler_text\passport_normal_00028_p01.jpg,1275,1650,26,ok,,223
data\pages/filler_text/passport_normal_00028_p03.jpg,passport_normal_00028_p03.jpg,data\pages\filler_text\passport_normal_00028_p03.jpg,1275,1650,10,ok,,224
data\pages/filler_text/passport_normal_00030_p02.jpg,passport_normal_00030_p02.jpg,data\pages\filler_text\passport_normal_00030_p02.jpg,1241,1754,18,ok,,225
data\pages/filler_text/passport_normal_00032_p01.jpg,passport_normal_00032_p01.jpg,data\pages\filler_text\passport_normal_00032_p01.jpg,1275,1650,26,ok,,226
data\pages/filler_text/passport_normal_00032_p03.jpg,passport_normal_00032_p03.jpg,data\pages\filler_text\passport_normal_00032_p03.jpg,1275,1650,10,ok,,227
data\pages/filler_text/passport_normal_00034_p01.jpg,passport_normal_00034_p01.jpg,data\pages\filler_text\passport_normal_00034_p01.jpg,1275,1650,26,ok,,228
data\pages/filler_text/passport_normal_00036_p01.jpg,passport_normal_00036_p01.jpg,data\pages\filler_text\passport_normal_00036_p01.jpg,1241,1754,16,ok,,229
data\pages/filler_text/passport_normal_00036_p03.jpg,passport_normal_00036_p03.jpg,data\pages\filler_text\passport_normal_00036_p03.jpg,1241,1754,22,ok,,230
data\pages/filler_text/passport_normal_00038_p01.jpg,passport_normal_00038_p01.jpg,data\pages\filler_text\passport_normal_00038_p01.jpg,1241,1754,22,ok,,231
data\pages/filler_text/passport_normal_00040_p01.jpg,passport_normal_00040_p01.jpg,data\pages\filler_text\passport_normal_00040_p01.jpg,1241,1754,18,ok,,232
data\pages/filler_text/passport_normal_00042_p01.jpg,passport_normal_00042_p01.jpg,data\pages\filler_text\passport_normal_00042_p01.jpg,1241,1754,22,ok,,233
data\pages/filler_text/passport_normal_00042_p02.jpg,passport_normal_00042_p02.jpg,data\pages\filler_text\passport_normal_00042_p02.jpg,1241,1754,22,ok,,234
data\pages/filler_text/passport_normal_00044_p02.jpg,passport_normal_00044_p02.jpg,data\pages\filler_text\passport_normal_00044_p02.jpg,1275,1650,11,ok,,235
data\pages/filler_text/passport_normal_00046_p02.jpg,passport_normal_00046_p02.jpg,data\pages\filler_text\passport_normal_00046_p02.jpg,1275,1650,16,ok,,236
data\pages/filler_text/passport_normal_00048_p02.jpg,passport_normal_00048_p02.jpg,data\pages\filler_text\passport_normal_00048_p02.jpg,1241,1754,16,ok,,237
data\pages/filler_text/passport_normal_00050_p01.jpg,passport_normal_00050_p01.jpg,data\pages\filler_text\passport_normal_00050_p01.jpg,1241,1754,22,ok,,238
data\pages/filler_text/passport_normal_00052_p01.jpg,passport_normal_00052_p01.jpg,data\pages\filler_text\passport_normal_00052_p01.jpg,1241,1754,22,ok,,239
data\pages/filler_text/passport_normal_00054_p02.jpg,passport_normal_00054_p02.jpg,data\pages\filler_text\passport_normal_00054_p02.jpg,1241,1754,16,ok,,240
data\pages/filler_text/passport_normal_00054_p03.jpg,passport_normal_00054_p03.jpg,data\pages\filler_text\passport_normal_00054_p03.jpg,1241,1754,18,ok,,241
data\pages/filler_text/passport_normal_00056_p02.jpg,passport_normal_00056_p02.jpg,data\pages\filler_text\passport_normal_00056_p02.jpg,1275,1650,26,ok,,242
data\pages/filler_text/passport_normal_00058_p01.jpg,passport_normal_00058_p01.jpg,data\pages\filler_text\passport_normal_00058_p01.jpg,1275,1650,26,ok,,243
data\pages/filler_text/passport_normal_00060_p02.jpg,passport_normal_00060_p02.jpg,data\pages\filler_text\passport_normal_00060_p02.jpg,1241,1754,16,ok,,244
data\pages/filler_text/passport_normal_00060_p03.jpg,passport_normal_00060_p03.jpg,data\pages\filler_text\passport_normal_00060_p03.jpg,1241,1754,16,ok,,245
data\pages/filler_text/passport_normal_00062_p01.jpg,passport_normal_00062_p01.jpg,data\pages\filler_text\passport_normal_00062_p01.jpg,1241,1754,22,ok,,246
data\pages/filler_text/passport_normal_00062_p02.jpg,passport_normal_00062_p02.jpg,data\pages\filler_text\passport_normal_00062_p02.jpg,1241,1754,18,ok,,247
data\pages/filler_text/passport_normal_00064_p01.jpg,passport_normal_00064_p01.jpg,data\pages\filler_text\passport_normal_00064_p01.jpg,1241,1754,21,ok,,248
data\pages/filler_text/passport_normal_00064_p02.jpg,passport_normal_00064_p02.jpg,data\pages\filler_text\passport_normal_00064_p02.jpg,1241,1754,22,ok,,249
data\pages/filler_text/passport_normal_00066_p02.jpg,passport_normal_00066_p02.jpg,data\pages\filler_text\passport_normal_00066_p02.jpg,1275,1650,26,ok,,250
data\pages/filler_text/passport_normal_00066_p03.jpg,passport_normal_00066_p03.jpg,data\pages\filler_text\passport_normal_00066_p03.jpg,1275,1650,18,ok,,251
data\pages/filler_text/passport_normal_00068_p02.jpg,passport_normal_00068_p02.jpg,data\pages\filler_text\passport_normal_00068_p02.jpg,1275,1650,16,ok,,252
data\pages/filler_text/passport_normal_00070_p01.jpg,passport_normal_00070_p01.jpg,data\pages\filler_text\passport_normal_00070_p01.jpg,1241,1754,18,ok,,253
data\pages/filler_text/passport_normal_00072_p02.jpg,passport_normal_00072_p02.jpg,data\pages\filler_text\passport_normal_00072_p02.jpg,1241,1754,22,ok,,254
data\pages/filler_text/passport_normal_00074_p02.jpg,passport_normal_00074_p02.jpg,data\pages\filler_text\passport_normal_00074_p02.jpg,1241,1754,22,ok,,255
data\pages/filler_text/passport_normal_00074_p03.jpg,passport_normal_00074_p03.jpg,data\pages\filler_text\passport_normal_00074_p03.jpg,1241,1754,22,ok,,256
data\pages/filler_text/passport_normal_00076_p02.jpg,passport_normal_00076_p02.jpg,data\pages\filler_text\passport_normal_00076_p02.jpg,1275,1650,11,ok,,257
data\pages/filler_text/passport_normal_00078_p01.jpg,passport_normal_00078_p01.jpg,data\pages\filler_text\passport_normal_00078_p01.jpg,1241,1754,16,ok,,258
data\pages/filler_text/passport_normal_00078_p02.jpg,passport_normal_00078_p02.jpg,data\pages\filler_text\passport_normal_00078_p02.jpg,1241,1754,22,ok,,259
data\pages/filler_text/passport_normal_00080_p02.jpg,passport_normal_00080_p02.jpg,data\pages\filler_text\passport_normal_00080_p02.jpg,1275,1650,18,ok,,260
data\pages/filler_text/passport_normal_00082_p02.jpg,passport_normal_00082_p02.jpg,data\pages\filler_text\passport_normal_00082_p02.jpg,1241,1754,16,ok,,261
data\pages/filler_text/passport_normal_00084_p01.jpg,passport_normal_00084_p01.jpg,data\pages\filler_text\passport_normal_00084_p01.jpg,1241,1754,22,ok,,262
data\pages/filler_text/passport_normal_00086_p01.jpg,passport_normal_00086_p01.jpg,data\pages\filler_text\passport_normal_00086_p01.jpg,1241,1754,22,ok,,263
data\pages/filler_text/passport_normal_00086_p03.jpg,passport_normal_00086_p03.jpg,data\pages\filler_text\passport_normal_00086_p03.jpg,1241,1754,22,ok,,264
data\pages/filler_text/passport_normal_00088_p02.jpg,passport_normal_00088_p02.jpg,data\pages\filler_text\passport_normal_00088_p02.jpg,1275,1650,26,ok,,265
data\pages/filler_text/passport_normal_00090_p01.jpg,passport_normal_00090_p01.jpg,data\pages\filler_text\passport_normal_00090_p01.jpg,1241,1754,21,ok,,266
data\pages/filler_text/passport_normal_00092_p01.jpg,passport_normal_00092_p01.jpg,data\pages\filler_text\passport_normal_00092_p01.jpg,1241,1754,20,ok,,267
data\pages/filler_text/passport_normal_00092_p02.jpg,passport_normal_00092_p02.jpg,data\pages\filler_text\passport_normal_00092_p02.jpg,1241,1754,22,ok,,268
data\pages/filler_text/passport_normal_00094_p01.jpg,passport_normal_00094_p01.jpg,data\pages\filler_text\passport_normal_00094_p01.jpg,1275,1650,26,ok,,269
data\pages/filler_text/passport_normal_00096_p01.jpg,passport_normal_00096_p01.jpg,data\pages\filler_text\passport_normal_00096_p01.jpg,1241,1754,21,ok,,270
data\pages/filler_text/passport_normal_00098_p01.jpg,passport_normal_00098_p01.jpg,data\pages\filler_text\passport_normal_00098_p01.jpg,1275,1650,26,ok,,271
data\pages/filler_text/passport_normal_00100_p02.jpg,passport_normal_00100_p02.jpg,data\pages\filler_text\passport_normal_00100_p02.jpg,1275,1650,10,ok,,272
data\pages/filler_text/passport_normal_00102_p02.jpg,passport_normal_00102_p02.jpg,data\pages\filler_text\passport_normal_00102_p02.jpg,1241,1754,22,ok,,273
data\pages/filler_text/passport_normal_00104_p01.jpg,passport_normal_00104_p01.jpg,data\pages\filler_text\passport_normal_00104_p01.jpg,1241,1754,22,ok,,274
data\pages/filler_text/passport_normal_00106_p02.jpg,passport_normal_00106_p02.jpg,data\pages\filler_text\passport_normal_00106_p02.jpg,1241,1754,18,ok,,275
data\pages/filler_text/passport_normal_00106_p03.jpg,passport_normal_00106_p03.jpg,data\pages\filler_text\passport_normal_00106_p03.jpg,1241,1754,16,ok,,276
data\pages/filler_text/passport_normal_00108_p01.jpg,passport_normal_00108_p01.jpg,data\pages\filler_text\passport_normal_00108_p01.jpg,1241,1754,22,ok,,277
data\pages/filler_text/passport_normal_00108_p02.jpg,passport_normal_00108_p02.jpg,data\pages\filler_text\passport_normal_00108_p02.jpg,1241,1754,18,ok,,278
data\pages/filler_text/passport_normal_00110_p02.jpg,passport_normal_00110_p02.jpg,data\pages\filler_text\passport_normal_00110_p02.jpg,1275,1650,22,ok,,279
data\pages/filler_text/passport_normal_00112_p01.jpg,passport_normal_00112_p01.jpg,data\pages\filler_text\passport_normal_00112_p01.jpg,1241,1754,22,ok,,280
data\pages/filler_text/passport_normal_00112_p03.jpg,passport_normal_00112_p03.jpg,data\pages\filler_text\passport_normal_00112_p03.jpg,1241,1754,16,ok,,281
data\pages/filler_text/passport_normal_00114_p02.jpg,passport_normal_00114_p02.jpg,data\pages\filler_text\passport_normal_00114_p02.jpg,1241,1754,18,ok,,282
data\pages/filler_text/passport_normal_00116_p01.jpg,passport_normal_00116_p01.jpg,data\pages\filler_text\passport_normal_00116_p01.jpg,1241,1754,20,ok,,283
data\pages/filler_text/passport_normal_00116_p03.jpg,passport_normal_00116_p03.jpg,data\pages\filler_text\passport_normal_00116_p03.jpg,1241,1754,18,ok,,284
data\pages/filler_text/passport_normal_00118_p01.jpg,passport_normal_00118_p01.jpg,data\pages\filler_text\passport_normal_00118_p01.jpg,1241,1754,18,ok,,285
data\pages/filler_text/passport_normal_00120_p01.jpg,passport_normal_00120_p01.jpg,data\pages\filler_text\passport_normal_00120_p01.jpg,1241,1754,18,ok,,286
data\pages/filler_text/passport_normal_00120_p03.jpg,passport_normal_00120_p03.jpg,data\pages\filler_text\passport_normal_00120_p03.jpg,1241,1754,22,ok,,287
data\pages/filler_text/passport_normal_00122_p02.jpg,passport_normal_00122_p02.jpg,data\pages\filler_text\passport_normal_00122_p02.jpg,1241,1754,22,ok,,288
data\pages/filler_text/passport_normal_00124_p01.jpg,passport_normal_00124_p01.jpg,data\pages\filler_text\passport_normal_00124_p01.jpg,1241,1754,18,ok,,289
data\pages/filler_text/passport_normal_00126_p01.jpg,passport_normal_00126_p01.jpg,data\pages\filler_text\passport_normal_00126_p01.jpg,1241,1754,22,ok,,290
data\pages/filler_text/passport_normal_00126_p02.jpg,passport_normal_00126_p02.jpg,data\pages\filler_text\passport_normal_00126_p02.jpg,1241,1754,22,ok,,291
data\pages/filler_text/passport_normal_00128_p01.jpg,passport_normal_00128_p01.jpg,data\pages\filler_text\passport_normal_00128_p01.jpg,1241,1754,22,ok,,292
data\pages/filler_text/passport_normal_00128_p03.jpg,passport_normal_00128_p03.jpg,data\pages\filler_text\passport_normal_00128_p03.jpg,1241,1754,21,ok,,293
data\pages/filler_text/passport_normal_00130_p01.jpg,passport_normal_00130_p01.jpg,data\pages\filler_text\passport_normal_00130_p01.jpg,1241,1754,22,ok,,294
data\pages/filler_text/passport_normal_00130_p03.jpg,passport_normal_00130_p03.jpg,data\pages\filler_text\passport_normal_00130_p03.jpg,1241,1754,16,ok,,295
data\pages/filler_text/passport_normal_00132_p01.jpg,passport_normal_00132_p01.jpg,data\pages\filler_text\passport_normal_00132_p01.jpg,1241,1754,20,ok,,296
data\pages/filler_text/passport_normal_00134_p02.jpg,passport_normal_00134_p02.jpg,data\pages\filler_text\passport_normal_00134_p02.jpg,1241,1754,22,ok,,297
data\pages/filler_text/passport_normal_00134_p03.jpg,passport_normal_00134_p03.jpg,data\pages\filler_text\passport_normal_00134_p03.jpg,1241,1754,22,ok,,298
data\pages/filler_text/passport_normal_00136_p02.jpg,passport_normal_00136_p02.jpg,data\pages\filler_text\passport_normal_00136_p02.jpg,1241,1754,22,ok,,299
data\pages/filler_text/passport_normal_00138_p02.jpg,passport_normal_00138_p02.jpg,data\pages\filler_text\passport_normal_00138_p02.jpg,1275,1650,12,ok,,300
data\pages/filler_text/passport_normal_00140_p01.jpg,passport_normal_00140_p01.jpg,data\pages\filler_text\passport_normal_00140_p01.jpg,1241,1754,16,ok,,301
data\pages/filler_text/passport_normal_00140_p02.jpg,passport_normal_00140_p02.jpg,data\pages\filler_text\passport_normal_00140_p02.jpg,1241,1754,22,ok,,302
data\pages/filler_text/passport_normal_00142_p01.jpg,passport_normal_00142_p01.jpg,data\pages\filler_text\passport_normal_00142_p01.jpg,1241,1754,22,ok,,303
data\pages/filler_text/passport_normal_00144_p01.jpg,passport_normal_00144_p01.jpg,data\pages\filler_text\passport_normal_00144_p01.jpg,1241,1754,22,ok,,304
data\pages/filler_text/passport_normal_00146_p01.jpg,passport_normal_00146_p01.jpg,data\pages\filler_text\passport_normal_00146_p01.jpg,1241,1754,18,ok,,305
data\pages/filler_text/passport_normal_00148_p01.jpg,passport_normal_00148_p01.jpg,data\pages\filler_text\passport_normal_00148_p01.jpg,1241,1754,18,ok,,306
data\pages/filler_text/passport_normal_00148_p03.jpg,passport_normal_00148_p03.jpg,data\pages\filler_text\passport_normal_00148_p03.jpg,1241,1754,20,ok,,307
data\pages/filler_text/passport_normal_00150_p02.jpg,passport_normal_00150_p02.jpg,data\pages\filler_text\passport_normal_00150_p02.jpg,1241,1754,18,ok,,308
data\pages/filler_text/passport_normal_00150_p03.jpg,passport_normal_00150_p03.jpg,data\pages\filler_text\passport_normal_00150_p03.jpg,1241,1754,21,ok,,309
data\pages/filler_text/passport_normal_00152_p02.jpg,passport_normal_00152_p02.jpg,data\pages\filler_text\passport_normal_00152_p02.jpg,1241,1754,22,ok,,310
data\pages/filler_text/passport_normal_00154_p02.jpg,passport_normal_00154_p02.jpg,data\pages\filler_text\passport_normal_00154_p02.jpg,1241,1754,16,ok,,311
data\pages/filler_text/passport_normal_00154_p03.jpg,passport_normal_00154_p03.jpg,data\pages\filler_text\passport_normal_00154_p03.jpg,1241,1754,21,ok,,312
data\pages/filler_text/passport_normal_00156_p01.jpg,passport_normal_00156_p01.jpg,data\pages\filler_text\passport_normal_00156_p01.jpg,1275,1650,26,ok,,313
data\pages/filler_text/passport_normal_00156_p03.jpg,passport_normal_00156_p03.jpg,data\pages\filler_text\passport_normal_00156_p03.jpg,1275,1650,12,ok,,314
data\pages/filler_text/passport_normal_00158_p01.jpg,passport_normal_00158_p01.jpg,data\pages\filler_text\passport_normal_00158_p01.jpg,1241,1754,18,ok,,315
data\pages/filler_text/passport_normal_00158_p03.jpg,passport_normal_00158_p03.jpg,data\pages\filler_text\passport_normal_00158_p03.jpg,1241,1754,21,ok,,316
data\pages/filler_text/passport_normal_00160_p02.jpg,passport_normal_00160_p02.jpg,data\pages\filler_text\passport_normal_00160_p02.jpg,1275,1650,12,ok,,317
data\pages/filler_text/passport_normal_00162_p02.jpg,passport_normal_00162_p02.jpg,data\pages\filler_text\passport_normal_00162_p02.jpg,1241,1754,18,ok,,318
data\pages/filler_text/passport_normal_00164_p02.jpg,passport_normal_00164_p02.jpg,data\pages\filler_text\passport_normal_00164_p02.jpg,1275,1650,26,ok,,319
data\pages/filler_text/passport_normal_00166_p02.jpg,passport_normal_00166_p02.jpg,data\pages\filler_text\passport_normal_00166_p02.jpg,1275,1650,26,ok,,320
data\pages/filler_text/passport_normal_00166_p03.jpg,passport_normal_00166_p03.jpg,data\pages\filler_text\passport_normal_00166_p03.jpg,1275,1650,7,ok,,321
data\pages/filler_text/passport_normal_00168_p01.jpg,passport_normal_00168_p01.jpg,data\pages\filler_text\passport_normal_00168_p01.jpg,1241,1754,22,ok,,322
data\pages/filler_text/passport_normal_00170_p02.jpg,passport_normal_00170_p02.jpg,data\pages\filler_text\passport_normal_00170_p02.jpg,1241,1754,22,ok,,323
data\pages/filler_text/passport_normal_00172_p01.jpg,passport_normal_00172_p01.jpg,data\pages\filler_text\passport_normal_00172_p01.jpg,1275,1650,26,ok,,324
data\pages/filler_text/passport_normal_00174_p02.jpg,passport_normal_00174_p02.jpg,data\pages\filler_text\passport_normal_00174_p02.jpg,1241,1754,22,ok,,325
data\pages/filler_text/passport_normal_00174_p03.jpg,passport_normal_00174_p03.jpg,data\pages\filler_text\passport_normal_00174_p03.jpg,1241,1754,18,ok,,326
data\pages/filler_text/passport_normal_00176_p01.jpg,passport_normal_00176_p01.jpg,data\pages\filler_text\passport_normal_00176_p01.jpg,1241,1754,22,ok,,327
data\pages/filler_text/passport_normal_00178_p01.jpg,passport_normal_00178_p01.jpg,data\pages\filler_text\passport_normal_00178_p01.jpg,1241,1754,21,ok,,328
data\pages/filler_text/passport_normal_00178_p02.jpg,passport_normal_00178_p02.jpg,data\pages\filler_text\passport_normal_00178_p02.jpg,1241,1754,22,ok,,329
data\pages/filler_text/passport_normal_00180_p02.jpg,passport_normal_00180_p02.jpg,data\pages\filler_text\passport_normal_00180_p02.jpg,1241,1754,21,ok,,330
data\pages/filler_text/passport_normal_00180_p03.jpg,passport_normal_00180_p03.jpg,data\pages\filler_text\passport_normal_00180_p03.jpg,1241,1754,22,ok,,331
data\pages/filler_text/passport_normal_00182_p02.jpg,passport_normal_00182_p02.jpg,data\pages\filler_text\passport_normal_00182_p02.jpg,1241,1754,22,ok,,332
data\pages/filler_text/passport_normal_00182_p03.jpg,passport_normal_00182_p03.jpg,data\pages\filler_text\passport_normal_00182_p03.jpg,1241,1754,16,ok,,333
data\pages/filler_text/passport_normal_00184_p02.jpg,passport_normal_00184_p02.jpg,data\pages\filler_text\passport_normal_00184_p02.jpg,1241,1754,21,ok,,334
data\pages/filler_text/passport_normal_00184_p03.jpg,passport_normal_00184_p03.jpg,data\pages\filler_text\passport_normal_00184_p03.jpg,1241,1754,18,ok,,335
data\pages/filler_text/passport_normal_00186_p01.jpg,passport_normal_00186_p01.jpg,data\pages\filler_text\passport_normal_00186_p01.jpg,1241,1754,22,ok,,336
data\pages/filler_text/passport_normal_00186_p02.jpg,passport_normal_00186_p02.jpg,data\pages\filler_text\passport_normal_00186_p02.jpg,1241,1754,22,ok,,337
data\pages/filler_text/passport_normal_00188_p02.jpg,passport_normal_00188_p02.jpg,data\pages\filler_text\passport_normal_00188_p02.jpg,1275,1650,10,ok,,338
data\pages/filler_text/passport_normal_00190_p01.jpg,passport_normal_00190_p01.jpg,data\pages\filler_text\passport_normal_00190_p01.jpg,1275,1650,26,ok,,339
data\pages/filler_text/passport_normal_00190_p03.jpg,passport_normal_00190_p03.jpg,data\pages\filler_text\passport_normal_00190_p03.jpg,1275,1650,16,ok,,340
data\pages/filler_text/passport_normal_00192_p02.jpg,passport_normal_00192_p02.jpg,data\pages\filler_text\passport_normal_00192_p02.jpg,1241,1754,22,ok,,341
data\pages/filler_text/passport_normal_00192_p03.jpg,passport_normal_00192_p03.jpg,data\pages\filler_text\passport_normal_00192_p03.jpg,1241,1754,22,ok,,342
data\pages/filler_text/passport_normal_00194_p01.jpg,passport_normal_00194_p01.jpg,data\pages\filler_text\passport_normal_00194_p01.jpg,1241,1754,22,ok,,343
data\pages/filler_text/passport_normal_00196_p02.jpg,passport_normal_00196_p02.jpg,data\pages\filler_text\passport_normal_00196_p02.jpg,1241,1754,22,ok,,344
data\pages/filler_text/passport_normal_00196_p03.jpg,passport_normal_00196_p03.jpg,data\pages\filler_text\passport_normal_00196_p03.jpg,1241,1754,18,ok,,345
data\pages/filler_text/passport_normal_00198_p01.jpg,passport_normal_00198_p01.jpg,data\pages\filler_text\passport_normal_00198_p01.jpg,1241,1754,20,ok,,346
data\pages/filler_text/passport_normal_00198_p02.jpg,passport_normal_00198_p02.jpg,data\pages\filler_text\passport_normal_00198_p02.jpg,1241,1754,18,ok,,347
data\pages/filler_text/passport_normal_00200_p01.jpg,passport_normal_00200_p01.jpg,data\pages\filler_text\passport_normal_00200_p01.jpg,1241,1754,16,ok,,348
data\pages/filler_text/passport_normal_00202_p01.jpg,passport_normal_00202_p01.jpg,data\pages\filler_text\passport_normal_00202_p01.jpg,1241,1754,22,ok,,349
data\pages/filler_text/passport_normal_00202_p02.jpg,passport_normal_00202_p02.jpg,data\pages\filler_text\passport_normal_00202_p02.jpg,1241,1754,22,ok,,350
data\pages/filler_text/passport_normal_00204_p01.jpg,passport_normal_00204_p01.jpg,data\pages\filler_text\passport_normal_00204_p01.jpg,1241,1754,22,ok,,351
data\pages/filler_text/passport_normal_00204_p02.jpg,passport_normal_00204_p02.jpg,data\pages\filler_text\passport_normal_00204_p02.jpg,1241,1754,22,ok,,352
data\pages/filler_text/passport_normal_00206_p01.jpg,passport_normal_00206_p01.jpg,data\pages\filler_text\passport_normal_00206_p01.jpg,1241,1754,22,ok,,353
data\pages/filler_text/passport_normal_00208_p01.jpg,passport_normal_00208_p01.jpg,data\pages\filler_text\passport_normal_00208_p01.jpg,1241,1754,21,ok,,354
data\pages/filler_text/passport_normal_00208_p03.jpg,passport_normal_00208_p03.jpg,data\pages\filler_text\passport_normal_00208_p03.jpg,1241,1754,16,ok,,355
data\pages/filler_text/passport_normal_00210_p01.jpg,passport_normal_00210_p01.jpg,data\pages\filler_text\passport_normal_00210_p01.jpg,1275,1650,16,ok,,356
data\pages/filler_text/passport_normal_00210_p03.jpg,passport_normal_00210_p03.jpg,data\pages\filler_text\passport_normal_00210_p03.jpg,1275,1650,16,ok,,357
data\pages/filler_text/passport_normal_00212_p02.jpg,passport_normal_00212_p02.jpg,data\pages\filler_text\passport_normal_00212_p02.jpg,1241,1754,16,ok,,358
data\pages/filler_text/passport_normal_00214_p02.jpg,passport_normal_00214_p02.jpg,data\pages\filler_text\passport_normal_00214_p02.jpg,1241,1754,22,ok,,359
data\pages/filler_text/passport_normal_00214_p03.jpg,passport_normal_00214_p03.jpg,data\pages\filler_text\passport_normal_00214_p03.jpg,1241,1754,22,ok,,360
data\pages/filler_text/passport_normal_00216_p02.jpg,passport_normal_00216_p02.jpg,data\pages\filler_text\passport_normal_00216_p02.jpg,1241,1754,18,ok,,361
data\pages/filler_text/passport_normal_00216_p03.jpg,passport_normal_00216_p03.jpg,data\pages\filler_text\passport_normal_00216_p03.jpg,1241,1754,22,ok,,362
data\pages/filler_text/passport_normal_00218_p01.jpg,passport_normal_00218_p01.jpg,data\pages\filler_text\passport_normal_00218_p01.jpg,1241,1754,18,ok,,363
data\pages/filler_text/passport_normal_00218_p03.jpg,passport_normal_00218_p03.jpg,data\pages\filler_text\passport_normal_00218_p03.jpg,1241,1754,22,ok,,364
data\pages/filler_text/passport_normal_00220_p01.jpg,passport_normal_00220_p01.jpg,data\pages\filler_text\passport_normal_00220_p01.jpg,1241,1754,18,ok,,365
data\pages/filler_text/passport_normal_00222_p02.jpg,passport_normal_00222_p02.jpg,data\pages\filler_text\passport_normal_00222_p02.jpg,1241,1754,22,ok,,366
data\pages/filler_text/passport_normal_00222_p03.jpg,passport_normal_00222_p03.jpg,data\pages\filler_text\passport_normal_00222_p03.jpg,1241,1754,21,ok,,367
data\pages/filler_text/passport_normal_00224_p01.jpg,passport_normal_00224_p01.jpg,data\pages\filler_text\passport_normal_00224_p01.jpg,1241,1754,18,ok,,368
data\pages/filler_text/passport_normal_00224_p02.jpg,passport_normal_00224_p02.jpg,data\pages\filler_text\passport_normal_00224_p02.jpg,1241,1754,21,ok,,369
data\pages/filler_text/passport_normal_00226_p01.jpg,passport_normal_00226_p01.jpg,data\pages\filler_text\passport_normal_00226_p01.jpg,1241,1754,20,ok,,370
data\pages/filler_text/passport_normal_00226_p02.jpg,passport_normal_00226_p02.jpg,data\pages\filler_text\passport_normal_00226_p02.jpg,1241,1754,22,ok,,371
data\pages/filler_text/passport_normal_00228_p01.jpg,passport_normal_00228_p01.jpg,data\pages\filler_text\passport_normal_00228_p01.jpg,1241,1754,16,ok,,372
data\pages/filler_text/passport_normal_00228_p02.jpg,passport_normal_00228_p02.jpg,data\pages\filler_text\passport_normal_00228_p02.jpg,1241,1754,22,ok,,373
data\pages/filler_text/passport_normal_00230_p01.jpg,passport_normal_00230_p01.jpg,data\pages\filler_text\passport_normal_00230_p01.jpg,1241,1754,22,ok,,374
data\pages/filler_text/passport_normal_00232_p01.jpg,passport_normal_00232_p01.jpg,data\pages\filler_text\passport_normal_00232_p01.jpg,1241,1754,22,ok,,375
data\pages/filler_text/passport_normal_00232_p02.jpg,passport_normal_00232_p02.jpg,data\pages\filler_text\passport_normal_00232_p02.jpg,1241,1754,22,ok,,376
data\pages/filler_text/passport_normal_00234_p01.jpg,passport_normal_00234_p01.jpg,data\pages\filler_text\passport_normal_00234_p01.jpg,1241,1754,16,ok,,377
data\pages/filler_text/passport_normal_00234_p03.jpg,passport_normal_00234_p03.jpg,data\pages\filler_text\passport_normal_00234_p03.jpg,1241,1754,22,ok,,378
data\pages/filler_text/passport_normal_00236_p02.jpg,passport_normal_00236_p02.jpg,data\pages\filler_text\passport_normal_00236_p02.jpg,1241,1754,20,ok,,379
data\pages/filler_text/passport_normal_00238_p01.jpg,passport_normal_00238_p01.jpg,data\pages\filler_text\passport_normal_00238_p01.jpg,1275,1650,18,ok,,380
data\pages/filler_text/passport_normal_00238_p03.jpg,passport_normal_00238_p03.jpg,data\pages\filler_text\passport_normal_00238_p03.jpg,1275,1650,10,ok,,381
data\pages/filler_text/passport_normal_00240_p02.jpg,passport_normal_00240_p02.jpg,data\pages\filler_text\passport_normal_00240_p02.jpg,1241,1754,22,ok,,382
data\pages/filler_text/passport_normal_00240_p03.jpg,passport_normal_00240_p03.jpg,data\pages\filler_text\passport_normal_00240_p03.jpg,1241,1754,22,ok,,383
data\pages/filler_text/passport_normal_00242_p01.jpg,passport_normal_00242_p01.jpg,data\pages\filler_text\passport_normal_00242_p01.jpg,1241,1754,22,ok,,384
data\pages/filler_text/passport_normal_00242_p02.jpg,passport_normal_00242_p02.jpg,data\pages\filler_text\passport_normal_00242_p02.jpg,1241,1754,22,ok,,385
data\pages/negative_edge/negative_edge_00245_p01.jpg,negative_edge_00245_p01.jpg,data\pages\negative_edge\negative_edge_00245_p01.jpg,1241,1754,18,ok,,386
data\pages/negative_edge/negative_edge_00245_p02.jpg,negative_edge_00245_p02.jpg,data\pages\negative_edge\negative_edge_00245_p02.jpg,1241,1754,20,ok,,387
data\pages/negative_edge/negative_edge_00245_p04.jpg,negative_edge_00245_p04.jpg,data\pages\negative_edge\negative_edge_00245_p04.jpg,1241,1754,24,ok,,388
data\pages/negative_edge/negative_edge_00247_p01.jpg,negative_edge_00247_p01.jpg,data\pages\negative_edge\negative_edge_00247_p01.jpg,1241,1754,22,ok,,389
data\pages/negative_edge/negative_edge_00247_p02.jpg,negative_edge_00247_p02.jpg,data\pages\negative_edge\negative_edge_00247_p02.jpg,1241,1754,26,ok,,390
data\pages/negative_edge/negative_edge_00249_p01.jpg,negative_edge_00249_p01.jpg,data\pages\negative_edge\negative_edge_00249_p01.jpg,1241,1754,20,ok,,391
data\pages/negative_edge/negative_edge_00249_p02.jpg,negative_edge_00249_p02.jpg,data\pages\negative_edge\negative_edge_00249_p02.jpg,1241,1754,22,ok,,392
data\pages/negative_edge/negative_edge_00249_p03.jpg,negative_edge_00249_p03.jpg,data\pages\negative_edge\negative_edge_00249_p03.jpg,1241,1754,24,ok,,393
data\pages/negative_edge/negative_edge_00251_p01.jpg,negative_edge_00251_p01.jpg,data\pages\negative_edge\negative_edge_00251_p01.jpg,1241,1754,20,ok,,394
data\pages/negative_edge/negative_edge_00251_p02.jpg,negative_edge_00251_p02.jpg,data\pages\negative_edge\negative_edge_00251_p02.jpg,1241,1754,24,ok,,395
data\pages/negative_edge/negative_edge_00253_p01.jpg,negative_edge_00253_p01.jpg,data\pages\negative_edge\negative_edge_00253_p01.jpg,1241,1754,22,ok,,396
data\pages/negative_edge/negative_edge_00253_p02.jpg,negative_edge_00253_p02.jpg,data\pages\negative_edge\negative_edge_00253_p02.jpg,1241,1754,26,ok,,397
data\pages/negative_edge/negative_edge_00253_p03.jpg,negative_edge_00253_p03.jpg,data\pages\negative_edge\negative_edge_00253_p03.jpg,1241,1754,22,ok,,398
data\pages/negative_edge/negative_edge_00255_p01.jpg,negative_edge_00255_p01.jpg,data\pages\negative_edge\negative_edge_00255_p01.jpg,1241,1754,22,ok,,399
data\pages/negative_edge/negative_edge_00255_p02.jpg,negative_edge_00255_p02.jpg,data\pages\negative_edge\negative_edge_00255_p02.jpg,1241,1754,25,ok,,400
data\pages/negative_edge/negative_edge_00255_p03.jpg,negative_edge_00255_p03.jpg,data\pages\negative_edge\negative_edge_00255_p03.jpg,1241,1754,16,ok,,401
data\pages/negative_edge/negative_edge_00257_p01.jpg,negative_edge_00257_p01.jpg,data\pages\negative_edge\negative_edge_00257_p01.jpg,1241,1754,22,ok,,402
data\pages/negative_edge/negative_edge_00257_p02.jpg,negative_edge_00257_p02.jpg,data\pages\negative_edge\negative_edge_00257_p02.jpg,1241,1754,22,ok,,403
data\pages/negative_edge/negative_edge_00257_p03.jpg,negative_edge_00257_p03.jpg,data\pages\negative_edge\negative_edge_00257_p03.jpg,1241,1754,26,ok,,404
data\pages/negative_edge/negative_edge_00259_p01.jpg,negative_edge_00259_p01.jpg,data\pages\negative_edge\negative_edge_00259_p01.jpg,1241,1754,25,ok,,405
data\pages/negative_edge/negative_edge_00259_p02.jpg,negative_edge_00259_p02.jpg,data\pages\negative_edge\negative_edge_00259_p02.jpg,1241,1754,18,ok,,406
data\pages/negative_edge/negative_edge_00261_p01.jpg,negative_edge_00261_p01.jpg,data\pages\negative_edge\negative_edge_00261_p01.jpg,1275,1650,14,ok,,407
data\pages/negative_edge/negative_edge_00261_p02.jpg,negative_edge_00261_p02.jpg,data\pages\negative_edge\negative_edge_00261_p02.jpg,1275,1650,21,ok,,408
data\pages/negative_edge/negative_edge_00261_p03.jpg,negative_edge_00261_p03.jpg,data\pages\negative_edge\negative_edge_00261_p03.jpg,1275,1650,12,ok,,409
data\pages/negative_edge/negative_edge_00263_p01.jpg,negative_edge_00263_p01.jpg,data\pages\negative_edge\negative_edge_00263_p01.jpg,1241,1754,16,ok,,410
data\pages/negative_edge/negative_edge_00263_p02.jpg,negative_edge_00263_p02.jpg,data\pages\negative_edge\negative_edge_00263_p02.jpg,1241,1754,22,ok,,411
data\pages/negative_edge/negative_edge_00263_p03.jpg,negative_edge_00263_p03.jpg,data\pages\negative_edge\negative_edge_00263_p03.jpg,1241,1754,24,ok,,412
data\pages/negative_edge/negative_edge_00265_p01.jpg,negative_edge_00265_p01.jpg,data\pages\negative_edge\negative_edge_00265_p01.jpg,1241,1754,26,ok,,413
data\pages/negative_edge/negative_edge_00265_p02.jpg,negative_edge_00265_p02.jpg,data\pages\negative_edge\negative_edge_00265_p02.jpg,1241,1754,18,ok,,414
data\pages/negative_edge/negative_edge_00265_p03.jpg,negative_edge_00265_p03.jpg,data\pages\negative_edge\negative_edge_00265_p03.jpg,1241,1754,18,ok,,415
data\pages/negative_edge/negative_edge_00267_p01.jpg,negative_edge_00267_p01.jpg,data\pages\negative_edge\negative_edge_00267_p01.jpg,1241,1754,18,ok,,416
data\pages/negative_edge/negative_edge_00267_p02.jpg,negative_edge_00267_p02.jpg,data\pages\negative_edge\negative_edge_00267_p02.jpg,1241,1754,16,ok,,417
data\pages/negative_edge/negative_edge_00267_p03.jpg,negative_edge_00267_p03.jpg,data\pages\negative_edge\negative_edge_00267_p03.jpg,1241,1754,26,ok,,418
data\pages/negative_edge/negative_edge_00269_p01.jpg,negative_edge_00269_p01.jpg,data\pages\negative_edge\negative_edge_00269_p01.jpg,1241,1754,26,ok,,419
data\pages/negative_edge/negative_edge_00269_p02.jpg,negative_edge_00269_p02.jpg,data\pages\negative_edge\negative_edge_00269_p02.jpg,1241,1754,22,ok,,420
data\pages/negative_edge/negative_edge_00271_p01.jpg,negative_edge_00271_p01.jpg,data\pages\negative_edge\negative_edge_00271_p01.jpg,1241,1754,24,ok,,421
data\pages/negative_edge/negative_edge_00271_p02.jpg,negative_edge_00271_p02.jpg,data\pages\negative_edge\negative_edge_00271_p02.jpg,1241,1754,22,ok,,422
data\pages/negative_edge/negative_edge_00273_p01.jpg,negative_edge_00273_p01.jpg,data\pages\negative_edge\negative_edge_00273_p01.jpg,1275,1650,18,ok,,423
data\pages/negative_edge/negative_edge_00273_p02.jpg,negative_edge_00273_p02.jpg,data\pages\negative_edge\negative_edge_00273_p02.jpg,1275,1650,22,ok,,424
data\pages/negative_edge/negative_edge_00273_p03.jpg,negative_edge_00273_p03.jpg,data\pages\negative_edge\negative_edge_00273_p03.jpg,1275,1650,6,ok,,425
data\pages/negative_edge/negative_edge_00275_p01.jpg,negative_edge_00275_p01.jpg,data\pages\negative_edge\negative_edge_00275_p01.jpg,1241,1754,20,ok,,426
data\pages/negative_edge/negative_edge_00275_p02.jpg,negative_edge_00275_p02.jpg,data\pages\negative_edge\negative_edge_00275_p02.jpg,1241,1754,25,ok,,427
data\pages/negative_edge/negative_edge_00275_p03.jpg,negative_edge_00275_p03.jpg,data\pages\negative_edge\negative_edge_00275_p03.jpg,1241,1754,21,ok,,428
data\pages/negative_edge/negative_edge_00277_p01.jpg,negative_edge_00277_p01.jpg,data\pages\negative_edge\negative_edge_00277_p01.jpg,1275,1650,18,ok,,429
data\pages/negative_edge/negative_edge_00277_p02.jpg,negative_edge_00277_p02.jpg,data\pages\negative_edge\negative_edge_00277_p02.jpg,1275,1650,26,ok,,430
data\pages/negative_edge/negative_edge_00277_p03.jpg,negative_edge_00277_p03.jpg,data\pages\negative_edge\negative_edge_00277_p03.jpg,1275,1650,6,ok,,431
data\pages/negative_edge/negative_edge_00279_p01.jpg,negative_edge_00279_p01.jpg,data\pages\negative_edge\negative_edge_00279_p01.jpg,1241,1754,24,ok,,432
data\pages/negative_edge/negative_edge_00279_p02.jpg,negative_edge_00279_p02.jpg,data\pages\negative_edge\negative_edge_00279_p02.jpg,1241,1754,22,ok,,433
data\pages/negative_edge/negative_edge_00279_p03.jpg,negative_edge_00279_p03.jpg,data\pages\negative_edge\negative_edge_00279_p03.jpg,1241,1754,18,ok,,434
data\pages/negative_edge/negative_edge_00281_p01.jpg,negative_edge_00281_p01.jpg,data\pages\negative_edge\negative_edge_00281_p01.jpg,1275,1650,16,ok,,435
data\pages/negative_edge/negative_edge_00281_p02.jpg,negative_edge_00281_p02.jpg,data\pages\negative_edge\negative_edge_00281_p02.jpg,1275,1650,26,ok,,436
data\pages/negative_edge/negative_edge_00281_p03.jpg,negative_edge_00281_p03.jpg,data\pages\negative_edge\negative_edge_00281_p03.jpg,1275,1650,26,ok,,437
data\pages/negative_edge/negative_edge_00283_p01.jpg,negative_edge_00283_p01.jpg,data\pages\negative_edge\negative_edge_00283_p01.jpg,1275,1650,26,ok,,438
data\pages/negative_edge/negative_edge_00283_p02.jpg,negative_edge_00283_p02.jpg,data\pages\negative_edge\negative_edge_00283_p02.jpg,1275,1650,26,ok,,439
data\pages/negative_edge/negative_edge_00283_p03.jpg,negative_edge_00283_p03.jpg,data\pages\negative_edge\negative_edge_00283_p03.jpg,1275,1650,26,ok,,440
data\pages/negative_edge/negative_edge_00285_p01.jpg,negative_edge_00285_p01.jpg,data\pages\negative_edge\negative_edge_00285_p01.jpg,1241,1754,18,ok,,441
data\pages/negative_edge/negative_edge_00285_p02.jpg,negative_edge_00285_p02.jpg,data\pages\negative_edge\negative_edge_00285_p02.jpg,1241,1754,26,ok,,442
data\pages/negative_edge/negative_edge_00285_p03.jpg,negative_edge_00285_p03.jpg,data\pages\negative_edge\negative_edge_00285_p03.jpg,1241,1754,18,ok,,443
data\pages/negative_edge/negative_edge_00287_p01.jpg,negative_edge_00287_p01.jpg,data\pages\negative_edge\negative_edge_00287_p01.jpg,1241,1754,22,ok,,444
data\pages/negative_edge/negative_edge_00287_p02.jpg,negative_edge_00287_p02.jpg,data\pages\negative_edge\negative_edge_00287_p02.jpg,1241,1754,22,ok,,445
data\pages/negative_edge/negative_edge_00287_p03.jpg,negative_edge_00287_p03.jpg,data\pages\negative_edge\negative_edge_00287_p03.jpg,1241,1754,25,ok,,446
data\pages/negative_edge/negative_edge_00289_p01.jpg,negative_edge_00289_p01.jpg,data\pages\negative_edge\negative_edge_00289_p01.jpg,1241,1754,21,ok,,447
data\pages/negative_edge/negative_edge_00289_p02.jpg,negative_edge_00289_p02.jpg,data\pages\negative_edge\negative_edge_00289_p02.jpg,1241,1754,26,ok,,448
data\pages/negative_edge/negative_edge_00291_p01.jpg,negative_edge_00291_p01.jpg,data\pages\negative_edge\negative_edge_00291_p01.jpg,1241,1754,20,ok,,449
data\pages/negative_edge/negative_edge_00291_p02.jpg,negative_edge_00291_p02.jpg,data\pages\negative_edge\negative_edge_00291_p02.jpg,1241,1754,22,ok,,450
data\pages/negative_edge/negative_edge_00291_p03.jpg,negative_edge_00291_p03.jpg,data\pages\negative_edge\negative_edge_00291_p03.jpg,1241,1754,25,ok,,451
data\pages/negative_edge/negative_edge_00293_p01.jpg,negative_edge_00293_p01.jpg,data\pages\negative_edge\negative_edge_00293_p01.jpg,1241,1754,16,ok,,452
data\pages/negative_edge/negative_edge_00293_p02.jpg,negative_edge_00293_p02.jpg,data\pages\negative_edge\negative_edge_00293_p02.jpg,1241,1754,26,ok,,453
data\pages/negative_edge/negative_edge_00295_p01.jpg,negative_edge_00295_p01.jpg,data\pages\negative_edge\negative_edge_00295_p01.jpg,1241,1754,18,ok,,454
data\pages/negative_edge/negative_edge_00295_p02.jpg,negative_edge_00295_p02.jpg,data\pages\negative_edge\negative_edge_00295_p02.jpg,1241,1754,22,ok,,455
data\pages/negative_edge/negative_edge_00295_p03.jpg,negative_edge_00295_p03.jpg,data\pages\negative_edge\negative_edge_00295_p03.jpg,1241,1754,25,ok,,456
data\pages/negative_edge/negative_edge_00297_p01.jpg,negative_edge_00297_p01.jpg,data\pages\negative_edge\negative_edge_00297_p01.jpg,1241,1754,25,ok,,457
data\pages/negative_edge/negative_edge_00297_p02.jpg,negative_edge_00297_p02.jpg,data\pages\negative_edge\negative_edge_00297_p02.jpg,1241,1754,16,ok,,458
data\pages/negative_edge/negative_edge_00299_p01.jpg,negative_edge_00299_p01.jpg,data\pages\negative_edge\negative_edge_00299_p01.jpg,1241,1754,18,ok,,459
data\pages/negative_edge/negative_edge_00299_p02.jpg,negative_edge_00299_p02.jpg,data\pages\negative_edge\negative_edge_00299_p02.jpg,1241,1754,22,ok,,460
data\pages/negative_edge/negative_edge_00299_p03.jpg,negative_edge_00299_p03.jpg,data\pages\negative_edge\negative_edge_00299_p03.jpg,1241,1754,25,ok,,461
data\pages/negative_edge/negative_edge_00301_p01.jpg,negative_edge_00301_p01.jpg,data\pages\negative_edge\negative_edge_00301_p01.jpg,1241,1754,23,ok,,462
data\pages/negative_edge/negative_edge_00301_p02.jpg,negative_edge_00301_p02.jpg,data\pages\negative_edge\negative_edge_00301_p02.jpg,1241,1754,22,ok,,463
data\pages/negative_edge/negative_edge_00301_p03.jpg,negative_edge_00301_p03.jpg,data\pages\negative_edge\negative_edge_00301_p03.jpg,1241,1754,16,ok,,464
data\pages/negative_edge/negative_edge_00303_p01.jpg,negative_edge_00303_p01.jpg,data\pages\negative_edge\negative_edge_00303_p01.jpg,1275,1650,11,ok,,465
data\pages/negative_edge/negative_edge_00303_p02.jpg,negative_edge_00303_p02.jpg,data\pages\negative_edge\negative_edge_00303_p02.jpg,1275,1650,26,ok,,466
data\pages/negative_edge/negative_edge_00303_p03.jpg,negative_edge_00303_p03.jpg,data\pages\negative_edge\negative_edge_00303_p03.jpg,1275,1650,6,ok,,467
data\pages/negative_edge/negative_edge_00305_p01.jpg,negative_edge_00305_p01.jpg,data\pages\negative_edge\negative_edge_00305_p01.jpg,1275,1650,26,ok,,468
data\pages/negative_edge/negative_edge_00305_p02.jpg,negative_edge_00305_p02.jpg,data\pages\negative_edge\negative_edge_00305_p02.jpg,1275,1650,26,ok,,469
data\pages/negative_edge/negative_edge_00305_p03.jpg,negative_edge_00305_p03.jpg,data\pages\negative_edge\negative_edge_00305_p03.jpg,1275,1650,10,ok,,470
data\pages/negative_edge/negative_edge_00307_p01.jpg,negative_edge_00307_p01.jpg,data\pages\negative_edge\negative_edge_00307_p01.jpg,1241,1754,21,ok,,471
data\pages/negative_edge/negative_edge_00307_p02.jpg,negative_edge_00307_p02.jpg,data\pages\negative_edge\negative_edge_00307_p02.jpg,1241,1754,22,ok,,472
data\pages/negative_edge/negative_edge_00307_p03.jpg,negative_edge_00307_p03.jpg,data\pages\negative_edge\negative_edge_00307_p03.jpg,1241,1754,24,ok,,473
data\pages/negative_edge/negative_edge_00309_p01.jpg,negative_edge_00309_p01.jpg,data\pages\negative_edge\negative_edge_00309_p01.jpg,1275,1650,26,ok,,474
data\pages/negative_edge/negative_edge_00309_p02.jpg,negative_edge_00309_p02.jpg,data\pages\negative_edge\negative_edge_00309_p02.jpg,1275,1650,26,ok,,475
data\pages/negative_edge/negative_edge_00309_p03.jpg,negative_edge_00309_p03.jpg,data\pages\negative_edge\negative_edge_00309_p03.jpg,1275,1650,26,ok,,476
data\pages/negative_edge/negative_edge_00311_p01.jpg,negative_edge_00311_p01.jpg,data\pages\negative_edge\negative_edge_00311_p01.jpg,1241,1754,18,ok,,477
data\pages/negative_edge/negative_edge_00311_p02.jpg,negative_edge_00311_p02.jpg,data\pages\negative_edge\negative_edge_00311_p02.jpg,1241,1754,25,ok,,478
data\pages/negative_edge/negative_edge_00313_p01.jpg,negative_edge_00313_p01.jpg,data\pages\negative_edge\negative_edge_00313_p01.jpg,1275,1650,18,ok,,479
data\pages/negative_edge/negative_edge_00313_p02.jpg,negative_edge_00313_p02.jpg,data\pages\negative_edge\negative_edge_00313_p02.jpg,1275,1650,26,ok,,480
data\pages/negative_edge/negative_edge_00313_p03.jpg,negative_edge_00313_p03.jpg,data\pages\negative_edge\negative_edge_00313_p03.jpg,1275,1650,26,ok,,481
data\pages/negative_edge/negative_edge_00315_p01.jpg,negative_edge_00315_p01.jpg,data\pages\negative_edge\negative_edge_00315_p01.jpg,1241,1754,22,ok,,482
data\pages/negative_edge/negative_edge_00315_p02.jpg,negative_edge_00315_p02.jpg,data\pages\negative_edge\negative_edge_00315_p02.jpg,1241,1754,24,ok,,483
data\pages/negative_edge/negative_edge_00317_p01.jpg,negative_edge_00317_p01.jpg,data\pages\negative_edge\negative_edge_00317_p01.jpg,1241,1754,22,ok,,484
data\pages/negative_edge/negative_edge_00317_p02.jpg,negative_edge_00317_p02.jpg,data\pages\negative_edge\negative_edge_00317_p02.jpg,1241,1754,26,ok,,485
data\pages/negative_edge/negative_edge_00319_p01.jpg,negative_edge_00319_p01.jpg,data\pages\negative_edge\negative_edge_00319_p01.jpg,1241,1754,22,ok,,486
data\pages/negative_edge/negative_edge_00319_p02.jpg,negative_edge_00319_p02.jpg,data\pages\negative_edge\negative_edge_00319_p02.jpg,1241,1754,26,ok,,487
data\pages/negative_edge/negative_edge_00321_p01.jpg,negative_edge_00321_p01.jpg,data\pages\negative_edge\negative_edge_00321_p01.jpg,1275,1650,12,ok,,488
data\pages/negative_edge/negative_edge_00321_p02.jpg,negative_edge_00321_p02.jpg,data\pages\negative_edge\negative_edge_00321_p02.jpg,1275,1650,26,ok,,489
data\pages/negative_edge/negative_edge_00321_p03.jpg,negative_edge_00321_p03.jpg,data\pages\negative_edge\negative_edge_00321_p03.jpg,1275,1650,26,ok,,490
data\pages/negative_normal/negative_normal_00244_p01.jpg,negative_normal_00244_p01.jpg,data\pages\negative_normal\negative_normal_00244_p01.jpg,1275,1650,13,ok,,491
data\pages/negative_normal/negative_normal_00244_p02.jpg,negative_normal_00244_p02.jpg,data\pages\negative_normal\negative_normal_00244_p02.jpg,1275,1650,23,ok,,492
data\pages/negative_normal/negative_normal_00244_p03.jpg,negative_normal_00244_p03.jpg,data\pages\negative_normal\negative_normal_00244_p03.jpg,1275,1650,26,ok,,493
data\pages/negative_normal/negative_normal_00246_p01.jpg,negative_normal_00246_p01.jpg,data\pages\negative_normal\negative_normal_00246_p01.jpg,1241,1754,21,ok,,494
data\pages/negative_normal/negative_normal_00246_p02.jpg,negative_normal_00246_p02.jpg,data\pages\negative_normal\negative_normal_00246_p02.jpg,1241,1754,26,ok,,495
data\pages/negative_normal/negative_normal_00246_p03.jpg,negative_normal_00246_p03.jpg,data\pages\negative_normal\negative_normal_00246_p03.jpg,1241,1754,16,ok,,496
data\pages/negative_normal/negative_normal_00248_p01.jpg,negative_normal_00248_p01.jpg,data\pages\negative_normal\negative_normal_00248_p01.jpg,1275,1650,26,ok,,497
data\pages/negative_normal/negative_normal_00248_p02.jpg,negative_normal_00248_p02.jpg,data\pages\negative_normal\negative_normal_00248_p02.jpg,1275,1650,26,ok,,498
data\pages/negative_normal/negative_normal_00248_p03.jpg,negative_normal_00248_p03.jpg,data\pages\negative_normal\negative_normal_00248_p03.jpg,1275,1650,12,ok,,499
data\pages/negative_normal/negative_normal_00250_p01.jpg,negative_normal_00250_p01.jpg,data\pages\negative_normal\negative_normal_00250_p01.jpg,1275,1650,22,ok,,500
data\pages/negative_normal/negative_normal_00250_p02.jpg,negative_normal_00250_p02.jpg,data\pages\negative_normal\negative_normal_00250_p02.jpg,1275,1650,24,ok,,501
data\pages/negative_normal/negative_normal_00252_p01.jpg,negative_normal_00252_p01.jpg,data\pages\negative_normal\negative_normal_00252_p01.jpg,1275,1650,26,ok,,502
data\pages/negative_normal/negative_normal_00252_p02.jpg,negative_normal_00252_p02.jpg,data\pages\negative_normal\negative_normal_00252_p02.jpg,1275,1650,12,ok,,503
data\pages/negative_normal/negative_normal_00252_p03.jpg,negative_normal_00252_p03.jpg,data\pages\negative_normal\negative_normal_00252_p03.jpg,1275,1650,26,ok,,504
data\pages/negative_normal/negative_normal_00254_p01.jpg,negative_normal_00254_p01.jpg,data\pages\negative_normal\negative_normal_00254_p01.jpg,1241,1754,25,ok,,505
data\pages/negative_normal/negative_normal_00254_p02.jpg,negative_normal_00254_p02.jpg,data\pages\negative_normal\negative_normal_00254_p02.jpg,1241,1754,22,ok,,506
data\pages/negative_normal/negative_normal_00256_p01.jpg,negative_normal_00256_p01.jpg,data\pages\negative_normal\negative_normal_00256_p01.jpg,1275,1650,18,ok,,507
data\pages/negative_normal/negative_normal_00256_p02.jpg,negative_normal_00256_p02.jpg,data\pages\negative_normal\negative_normal_00256_p02.jpg,1275,1650,26,ok,,508
data\pages/negative_normal/negative_normal_00256_p03.jpg,negative_normal_00256_p03.jpg,data\pages\negative_normal\negative_normal_00256_p03.jpg,1275,1650,16,ok,,509
data\pages/negative_normal/negative_normal_00258_p01.jpg,negative_normal_00258_p01.jpg,data\pages\negative_normal\negative_normal_00258_p01.jpg,1241,1754,22,ok,,510
data\pages/negative_normal/negative_normal_00258_p02.jpg,negative_normal_00258_p02.jpg,data\pages\negative_normal\negative_normal_00258_p02.jpg,1241,1754,26,ok,,511
data\pages/negative_normal/negative_normal_00260_p01.jpg,negative_normal_00260_p01.jpg,data\pages\negative_normal\negative_normal_00260_p01.jpg,1275,1650,26,ok,,512
data\pages/negative_normal/negative_normal_00260_p02.jpg,negative_normal_00260_p02.jpg,data\pages\negative_normal\negative_normal_00260_p02.jpg,1275,1650,26,ok,,513
data\pages/negative_normal/negative_normal_00260_p03.jpg,negative_normal_00260_p03.jpg,data\pages\negative_normal\negative_normal_00260_p03.jpg,1275,1650,26,ok,,514
data\pages/negative_normal/negative_normal_00262_p01.jpg,negative_normal_00262_p01.jpg,data\pages\negative_normal\negative_normal_00262_p01.jpg,1275,1650,26,ok,,515
data\pages/negative_normal/negative_normal_00262_p02.jpg,negative_normal_00262_p02.jpg,data\pages\negative_normal\negative_normal_00262_p02.jpg,1275,1650,26,ok,,516
data\pages/negative_normal/negative_normal_00262_p03.jpg,negative_normal_00262_p03.jpg,data\pages\negative_normal\negative_normal_00262_p03.jpg,1275,1650,26,ok,,517
data\pages/negative_normal/negative_normal_00264_p01.jpg,negative_normal_00264_p01.jpg,data\pages\negative_normal\negative_normal_00264_p01.jpg,1275,1650,26,ok,,518
data\pages/negative_normal/negative_normal_00264_p02.jpg,negative_normal_00264_p02.jpg,data\pages\negative_normal\negative_normal_00264_p02.jpg,1275,1650,18,ok,,519
data\pages/negative_normal/negative_normal_00264_p03.jpg,negative_normal_00264_p03.jpg,data\pages\negative_normal\negative_normal_00264_p03.jpg,1275,1650,26,ok,,520
data\pages/negative_normal/negative_normal_00266_p01.jpg,negative_normal_00266_p01.jpg,data\pages\negative_normal\negative_normal_00266_p01.jpg,1275,1650,26,ok,,521
data\pages/negative_normal/negative_normal_00266_p02.jpg,negative_normal_00266_p02.jpg,data\pages\negative_normal\negative_normal_00266_p02.jpg,1275,1650,17,ok,,522
data\pages/negative_normal/negative_normal_00268_p01.jpg,negative_normal_00268_p01.jpg,data\pages\negative_normal\negative_normal_00268_p01.jpg,1241,1754,26,ok,,523
data\pages/negative_normal/negative_normal_00268_p02.jpg,negative_normal_00268_p02.jpg,data\pages\negative_normal\negative_normal_00268_p02.jpg,1241,1754,21,ok,,524
data\pages/negative_normal/negative_normal_00268_p03.jpg,negative_normal_00268_p03.jpg,data\pages\negative_normal\negative_normal_00268_p03.jpg,1241,1754,18,ok,,525
data\pages/negative_normal/negative_normal_00270_p01.jpg,negative_normal_00270_p01.jpg,data\pages\negative_normal\negative_normal_00270_p01.jpg,1241,1754,22,ok,,526
data\pages/negative_normal/negative_normal_00270_p02.jpg,negative_normal_00270_p02.jpg,data\pages\negative_normal\negative_normal_00270_p02.jpg,1241,1754,18,ok,,527
data\pages/negative_normal/negative_normal_00270_p03.jpg,negative_normal_00270_p03.jpg,data\pages\negative_normal\negative_normal_00270_p03.jpg,1241,1754,26,ok,,528
data\pages/negative_normal/negative_normal_00272_p01.jpg,negative_normal_00272_p01.jpg,data\pages\negative_normal\negative_normal_00272_p01.jpg,1241,1754,25,ok,,529
data\pages/negative_normal/negative_normal_00272_p02.jpg,negative_normal_00272_p02.jpg,data\pages\negative_normal\negative_normal_00272_p02.jpg,1241,1754,21,ok,,530
data\pages/negative_normal/negative_normal_00274_p01.jpg,negative_normal_00274_p01.jpg,data\pages\negative_normal\negative_normal_00274_p01.jpg,1275,1650,26,ok,,531
data\pages/negative_normal/negative_normal_00274_p02.jpg,negative_normal_00274_p02.jpg,data\pages\negative_normal\negative_normal_00274_p02.jpg,1275,1650,26,ok,,532
data\pages/negative_normal/negative_normal_00274_p03.jpg,negative_normal_00274_p03.jpg,data\pages\negative_normal\negative_normal_00274_p03.jpg,1275,1650,12,ok,,533
data\pages/negative_normal/negative_normal_00276_p01.jpg,negative_normal_00276_p01.jpg,data\pages\negative_normal\negative_normal_00276_p01.jpg,1241,1754,18,ok,,534
data\pages/negative_normal/negative_normal_00276_p02.jpg,negative_normal_00276_p02.jpg,data\pages\negative_normal\negative_normal_00276_p02.jpg,1241,1754,26,ok,,535
data\pages/negative_normal/negative_normal_00278_p01.jpg,negative_normal_00278_p01.jpg,data\pages\negative_normal\negative_normal_00278_p01.jpg,1275,1650,16,ok,,536
data\pages/negative_normal/negative_normal_00278_p02.jpg,negative_normal_00278_p02.jpg,data\pages\negative_normal\negative_normal_00278_p02.jpg,1275,1650,26,ok,,537
data\pages/negative_normal/negative_normal_00278_p03.jpg,negative_normal_00278_p03.jpg,data\pages\negative_normal\negative_normal_00278_p03.jpg,1275,1650,26,ok,,538
data\pages/negative_normal/negative_normal_00280_p01.jpg,negative_normal_00280_p01.jpg,data\pages\negative_normal\negative_normal_00280_p01.jpg,1241,1754,22,ok,,539
data\pages/negative_normal/negative_normal_00280_p02.jpg,negative_normal_00280_p02.jpg,data\pages\negative_normal\negative_normal_00280_p02.jpg,1241,1754,22,ok,,540
data\pages/negative_normal/negative_normal_00280_p04.jpg,negative_normal_00280_p04.jpg,data\pages\negative_normal\negative_normal_00280_p04.jpg,1241,1754,24,ok,,541
data\pages/negative_normal/negative_normal_00282_p01.jpg,negative_normal_00282_p01.jpg,data\pages\negative_normal\negative_normal_00282_p01.jpg,1241,1754,22,ok,,542
data\pages/negative_normal/negative_normal_00282_p02.jpg,negative_normal_00282_p02.jpg,data\pages\negative_normal\negative_normal_00282_p02.jpg,1241,1754,22,ok,,543
data\pages/negative_normal/negative_normal_00282_p04.jpg,negative_normal_00282_p04.jpg,data\pages\negative_normal\negative_normal_00282_p04.jpg,1241,1754,24,ok,,544
data\pages/negative_normal/negative_normal_00284_p01.jpg,negative_normal_00284_p01.jpg,data\pages\negative_normal\negative_normal_00284_p01.jpg,1241,1754,21,ok,,545
data\pages/negative_normal/negative_normal_00284_p02.jpg,negative_normal_00284_p02.jpg,data\pages\negative_normal\negative_normal_00284_p02.jpg,1241,1754,26,ok,,546
data\pages/negative_normal/negative_normal_00286_p01.jpg,negative_normal_00286_p01.jpg,data\pages\negative_normal\negative_normal_00286_p01.jpg,1241,1754,22,ok,,547
data\pages/negative_normal/negative_normal_00286_p02.jpg,negative_normal_00286_p02.jpg,data\pages\negative_normal\negative_normal_00286_p02.jpg,1241,1754,18,ok,,548
data\pages/negative_normal/negative_normal_00286_p03.jpg,negative_normal_00286_p03.jpg,data\pages\negative_normal\negative_normal_00286_p03.jpg,1241,1754,25,ok,,549
data\pages/negative_normal/negative_normal_00288_p01.jpg,negative_normal_00288_p01.jpg,data\pages\negative_normal\negative_normal_00288_p01.jpg,1241,1754,22,ok,,550
data\pages/negative_normal/negative_normal_00288_p02.jpg,negative_normal_00288_p02.jpg,data\pages\negative_normal\negative_normal_00288_p02.jpg,1241,1754,26,ok,,551
data\pages/negative_normal/negative_normal_00288_p03.jpg,negative_normal_00288_p03.jpg,data\pages\negative_normal\negative_normal_00288_p03.jpg,1241,1754,18,ok,,552
data\pages/negative_normal/negative_normal_00290_p01.jpg,negative_normal_00290_p01.jpg,data\pages\negative_normal\negative_normal_00290_p01.jpg,1275,1650,12,ok,,553
data\pages/negative_normal/negative_normal_00290_p02.jpg,negative_normal_00290_p02.jpg,data\pages\negative_normal\negative_normal_00290_p02.jpg,1275,1650,26,ok,,554
data\pages/negative_normal/negative_normal_00290_p03.jpg,negative_normal_00290_p03.jpg,data\pages\negative_normal\negative_normal_00290_p03.jpg,1275,1650,26,ok,,555
data\pages/negative_normal/negative_normal_00292_p01.jpg,negative_normal_00292_p01.jpg,data\pages\negative_normal\negative_normal_00292_p01.jpg,1241,1754,22,ok,,556
data\pages/negative_normal/negative_normal_00292_p02.jpg,negative_normal_00292_p02.jpg,data\pages\negative_normal\negative_normal_00292_p02.jpg,1241,1754,26,ok,,557
data\pages/negative_normal/negative_normal_00294_p01.jpg,negative_normal_00294_p01.jpg,data\pages\negative_normal\negative_normal_00294_p01.jpg,1241,1754,25,ok,,558
data\pages/negative_normal/negative_normal_00294_p02.jpg,negative_normal_00294_p02.jpg,data\pages\negative_normal\negative_normal_00294_p02.jpg,1241,1754,18,ok,,559
data\pages/negative_normal/negative_normal_00294_p03.jpg,negative_normal_00294_p03.jpg,data\pages\negative_normal\negative_normal_00294_p03.jpg,1241,1754,20,ok,,560
data\pages/negative_normal/negative_normal_00296_p01.jpg,negative_normal_00296_p01.jpg,data\pages\negative_normal\negative_normal_00296_p01.jpg,1241,1754,22,ok,,561
data\pages/negative_normal/negative_normal_00296_p02.jpg,negative_normal_00296_p02.jpg,data\pages\negative_normal\negative_normal_00296_p02.jpg,1241,1754,26,ok,,562
data\pages/negative_normal/negative_normal_00296_p03.jpg,negative_normal_00296_p03.jpg,data\pages\negative_normal\negative_normal_00296_p03.jpg,1241,1754,22,ok,,563
data\pages/negative_normal/negative_normal_00298_p01.jpg,negative_normal_00298_p01.jpg,data\pages\negative_normal\negative_normal_00298_p01.jpg,1275,1650,26,ok,,564
data\pages/negative_normal/negative_normal_00298_p02.jpg,negative_normal_00298_p02.jpg,data\pages\negative_normal\negative_normal_00298_p02.jpg,1275,1650,16,ok,,565
data\pages/negative_normal/negative_normal_00298_p03.jpg,negative_normal_00298_p03.jpg,data\pages\negative_normal\negative_normal_00298_p03.jpg,1275,1650,26,ok,,566
data\pages/negative_normal/negative_normal_00300_p01.jpg,negative_normal_00300_p01.jpg,data\pages\negative_normal\negative_normal_00300_p01.jpg,1241,1754,23,ok,,567
data\pages/negative_normal/negative_normal_00300_p02.jpg,negative_normal_00300_p02.jpg,data\pages\negative_normal\negative_normal_00300_p02.jpg,1241,1754,22,ok,,568
data\pages/negative_normal/negative_normal_00300_p03.jpg,negative_normal_00300_p03.jpg,data\pages\negative_normal\negative_normal_00300_p03.jpg,1241,1754,22,ok,,569
data\pages/negative_normal/negative_normal_00302_p01.jpg,negative_normal_00302_p01.jpg,data\pages\negative_normal\negative_normal_00302_p01.jpg,1241,1754,22,ok,,570
data\pages/negative_normal/negative_normal_00302_p02.jpg,negative_normal_00302_p02.jpg,data\pages\negative_normal\negative_normal_00302_p02.jpg,1241,1754,26,ok,,571
data\pages/negative_normal/negative_normal_00304_p01.jpg,negative_normal_00304_p01.jpg,data\pages\negative_normal\negative_normal_00304_p01.jpg,1241,1754,22,ok,,572
data\pages/negative_normal/negative_normal_00304_p02.jpg,negative_normal_00304_p02.jpg,data\pages\negative_normal\negative_normal_00304_p02.jpg,1241,1754,25,ok,,573
data\pages/negative_normal/negative_normal_00306_p01.jpg,negative_normal_00306_p01.jpg,data\pages\negative_normal\negative_normal_00306_p01.jpg,1241,1754,24,ok,,574
data\pages/negative_normal/negative_normal_00306_p02.jpg,negative_normal_00306_p02.jpg,data\pages\negative_normal\negative_normal_00306_p02.jpg,1241,1754,22,ok,,575
data\pages/negative_normal/negative_normal_00306_p03.jpg,negative_normal_00306_p03.jpg,data\pages\negative_normal\negative_normal_00306_p03.jpg,1241,1754,22,ok,,576
data\pages/negative_normal/negative_normal_00308_p01.jpg,negative_normal_00308_p01.jpg,data\pages\negative_normal\negative_normal_00308_p01.jpg,1241,1754,25,ok,,577
data\pages/negative_normal/negative_normal_00308_p02.jpg,negative_normal_00308_p02.jpg,data\pages\negative_normal\negative_normal_00308_p02.jpg,1241,1754,16,ok,,578
data\pages/negative_normal/negative_normal_00310_p01.jpg,negative_normal_00310_p01.jpg,data\pages\negative_normal\negative_normal_00310_p01.jpg,1241,1754,22,ok,,579
data\pages/negative_normal/negative_normal_00310_p02.jpg,negative_normal_00310_p02.jpg,data\pages\negative_normal\negative_normal_00310_p02.jpg,1241,1754,26,ok,,580
data\pages/negative_normal/negative_normal_00310_p03.jpg,negative_normal_00310_p03.jpg,data\pages\negative_normal\negative_normal_00310_p03.jpg,1241,1754,18,ok,,581
data\pages/negative_normal/negative_normal_00312_p01.jpg,negative_normal_00312_p01.jpg,data\pages\negative_normal\negative_normal_00312_p01.jpg,1275,1650,18,ok,,582
data\pages/negative_normal/negative_normal_00312_p02.jpg,negative_normal_00312_p02.jpg,data\pages\negative_normal\negative_normal_00312_p02.jpg,1275,1650,26,ok,,583
data\pages/negative_normal/negative_normal_00314_p01.jpg,negative_normal_00314_p01.jpg,data\pages\negative_normal\negative_normal_00314_p01.jpg,1275,1650,26,ok,,584
data\pages/negative_normal/negative_normal_00314_p02.jpg,negative_normal_00314_p02.jpg,data\pages\negative_normal\negative_normal_00314_p02.jpg,1275,1650,26,ok,,585
data\pages/negative_normal/negative_normal_00314_p03.jpg,negative_normal_00314_p03.jpg,data\pages\negative_normal\negative_normal_00314_p03.jpg,1275,1650,16,ok,,586
data\pages/negative_normal/negative_normal_00316_p01.jpg,negative_normal_00316_p01.jpg,data\pages\negative_normal\negative_normal_00316_p01.jpg,1241,1754,26,ok,,587
data\pages/negative_normal/negative_normal_00316_p02.jpg,negative_normal_00316_p02.jpg,data\pages\negative_normal\negative_normal_00316_p02.jpg,1241,1754,22,ok,,588
data\pages/negative_normal/negative_normal_00318_p01.jpg,negative_normal_00318_p01.jpg,data\pages\negative_normal\negative_normal_00318_p01.jpg,1241,1754,21,ok,,589
data\pages/negative_normal/negative_normal_00318_p02.jpg,negative_normal_00318_p02.jpg,data\pages\negative_normal\negative_normal_00318_p02.jpg,1241,1754,16,ok,,590
data\pages/negative_normal/negative_normal_00318_p03.jpg,negative_normal_00318_p03.jpg,data\pages\negative_normal\negative_normal_00318_p03.jpg,1241,1754,25,ok,,591
data\pages/negative_normal/negative_normal_00320_p01.jpg,negative_normal_00320_p01.jpg,data\pages\negative_normal\negative_normal_00320_p01.jpg,1275,1650,20,ok,,592
data\pages/negative_normal/negative_normal_00320_p02.jpg,negative_normal_00320_p02.jpg,data\pages\negative_normal\negative_normal_00320_p02.jpg,1275,1650,26,ok,,593
data\pages/negative_normal/negative_normal_00320_p03.jpg,negative_normal_00320_p03.jpg,data\pages\negative_normal\negative_normal_00320_p03.jpg,1275,1650,13,ok,,594
data\pages/passport_edge/passport_edge_00001_p01.jpg,passport_edge_00001_p01.jpg,data\pages\passport_edge\passport_edge_00001_p01.jpg,1241,1754,24,ok,,595
data\pages/passport_edge/passport_edge_00003_p02.jpg,passport_edge_00003_p02.jpg,data\pages\passport_edge\passport_edge_00003_p02.jpg,1275,1650,16,ok,,596
data\pages/passport_edge/passport_edge_00005_p01.jpg,passport_edge_00005_p01.jpg,data\pages\passport_edge\passport_edge_00005_p01.jpg,1241,1754,22,ok,,597
data\pages/passport_edge/passport_edge_00007_p03.jpg,passport_edge_00007_p03.jpg,data\pages\passport_edge\passport_edge_00007_p03.jpg,1241,1754,22,ok,,598
data\pages/passport_edge/passport_edge_00009_p01.jpg,passport_edge_00009_p01.jpg,data\pages\passport_edge\passport_edge_00009_p01.jpg,1275,1650,26,ok,,599
data\pages/passport_edge/passport_edge_00011_p01.jpg,passport_edge_00011_p01.jpg,data\pages\passport_edge\passport_edge_00011_p01.jpg,1241,1754,21,ok,,600
data\pages/passport_edge/passport_edge_00013_p02.jpg,passport_edge_00013_p02.jpg,data\pages\passport_edge\passport_edge_00013_p02.jpg,1275,1650,26,ok,,601
data\pages/passport_edge/passport_edge_00015_p03.jpg,passport_edge_00015_p03.jpg,data\pages\passport_edge\passport_edge_00015_p03.jpg,1241,1754,22,ok,,602
data\pages/passport_edge/passport_edge_00017_p02.jpg,passport_edge_00017_p02.jpg,data\pages\passport_edge\passport_edge_00017_p02.jpg,1241,1754,20,ok,,603
data\pages/passport_edge/passport_edge_00019_p01.jpg,passport_edge_00019_p01.jpg,data\pages\passport_edge\passport_edge_00019_p01.jpg,1275,1650,26,ok,,604
data\pages/passport_edge/passport_edge_00021_p01.jpg,passport_edge_00021_p01.jpg,data\pages\passport_edge\passport_edge_00021_p01.jpg,1241,1754,26,ok,,605
data\pages/passport_edge/passport_edge_00023_p01.jpg,passport_edge_00023_p01.jpg,data\pages\passport_edge\passport_edge_00023_p01.jpg,1241,1754,21,ok,,606
data\pages/passport_edge/passport_edge_00025_p02.jpg,passport_edge_00025_p02.jpg,data\pages\passport_edge\passport_edge_00025_p02.jpg,1241,1754,26,ok,,607
data\pages/passport_edge/passport_edge_00027_p02.jpg,passport_edge_00027_p02.jpg,data\pages\passport_edge\passport_edge_00027_p02.jpg,1241,1754,26,ok,,608
data\pages/passport_edge/passport_edge_00029_p04.jpg,passport_edge_00029_p04.jpg,data\pages\passport_edge\passport_edge_00029_p04.jpg,1241,1754,22,ok,,609
data\pages/passport_edge/passport_edge_00031_p03.jpg,passport_edge_00031_p03.jpg,data\pages\passport_edge\passport_edge_00031_p03.jpg,1241,1754,26,ok,,610
data\pages/passport_edge/passport_edge_00033_p02.jpg,passport_edge_00033_p02.jpg,data\pages\passport_edge\passport_edge_00033_p02.jpg,1241,1754,24,ok,,611
data\pages/passport_edge/passport_edge_00035_p02.jpg,passport_edge_00035_p02.jpg,data\pages\passport_edge\passport_edge_00035_p02.jpg,1241,1754,25,ok,,612
data\pages/passport_edge/passport_edge_00037_p01.jpg,passport_edge_00037_p01.jpg,data\pages\passport_edge\passport_edge_00037_p01.jpg,1275,1650,26,ok,,613
data\pages/passport_edge/passport_edge_00039_p03.jpg,passport_edge_00039_p03.jpg,data\pages\passport_edge\passport_edge_00039_p03.jpg,1241,1754,24,ok,,614
data\pages/passport_edge/passport_edge_00041_p03.jpg,passport_edge_00041_p03.jpg,data\pages\passport_edge\passport_edge_00041_p03.jpg,1241,1754,26,ok,,615
data\pages/passport_edge/passport_edge_00043_p02.jpg,passport_edge_00043_p02.jpg,data\pages\passport_edge\passport_edge_00043_p02.jpg,1241,1754,21,ok,,616
data\pages/passport_edge/passport_edge_00045_p03.jpg,passport_edge_00045_p03.jpg,data\pages\passport_edge\passport_edge_00045_p03.jpg,1241,1754,26,ok,,617
data\pages/passport_edge/passport_edge_00047_p02.jpg,passport_edge_00047_p02.jpg,data\pages\passport_edge\passport_edge_00047_p02.jpg,1275,1650,26,ok,,618
data\pages/passport_edge/passport_edge_00049_p02.jpg,passport_edge_00049_p02.jpg,data\pages\passport_edge\passport_edge_00049_p02.jpg,1241,1754,26,ok,,619
data\pages/passport_edge/passport_edge_00051_p02.jpg,passport_edge_00051_p02.jpg,data\pages\passport_edge\passport_edge_00051_p02.jpg,1241,1754,26,ok,,620
data\pages/passport_edge/passport_edge_00053_p03.jpg,passport_edge_00053_p03.jpg,data\pages\passport_edge\passport_edge_00053_p03.jpg,1275,1650,12,ok,,621
data\pages/passport_edge/passport_edge_00055_p02.jpg,passport_edge_00055_p02.jpg,data\pages\passport_edge\passport_edge_00055_p02.jpg,1241,1754,22,ok,,622
data\pages/passport_edge/passport_edge_00057_p01.jpg,passport_edge_00057_p01.jpg,data\pages\passport_edge\passport_edge_00057_p01.jpg,1241,1754,22,ok,,623
data\pages/passport_edge/passport_edge_00059_p02.jpg,passport_edge_00059_p02.jpg,data\pages\passport_edge\passport_edge_00059_p02.jpg,1275,1650,14,ok,,624
data\pages/passport_edge/passport_edge_00061_p04.jpg,passport_edge_00061_p04.jpg,data\pages\passport_edge\passport_edge_00061_p04.jpg,1241,1754,26,ok,,625
data\pages/passport_edge/passport_edge_00063_p01.jpg,passport_edge_00063_p01.jpg,data\pages\passport_edge\passport_edge_00063_p01.jpg,1241,1754,26,ok,,626
data\pages/passport_edge/passport_edge_00065_p03.jpg,passport_edge_00065_p03.jpg,data\pages\passport_edge\passport_edge_00065_p03.jpg,1275,1650,26,ok,,627
data\pages/passport_edge/passport_edge_00067_p01.jpg,passport_edge_00067_p01.jpg,data\pages\passport_edge\passport_edge_00067_p01.jpg,1241,1754,25,ok,,628
data\pages/passport_edge/passport_edge_00069_p02.jpg,passport_edge_00069_p02.jpg,data\pages\passport_edge\passport_edge_00069_p02.jpg,1241,1754,24,ok,,629
data\pages/passport_edge/passport_edge_00071_p02.jpg,passport_edge_00071_p02.jpg,data\pages\passport_edge\passport_edge_00071_p02.jpg,1241,1754,22,ok,,630
data\pages/passport_edge/passport_edge_00073_p01.jpg,passport_edge_00073_p01.jpg,data\pages\passport_edge\passport_edge_00073_p01.jpg,1241,1754,22,ok,,631
data\pages/passport_edge/passport_edge_00075_p02.jpg,passport_edge_00075_p02.jpg,data\pages\passport_edge\passport_edge_00075_p02.jpg,1241,1754,22,ok,,632
data\pages/passport_edge/passport_edge_00077_p01.jpg,passport_edge_00077_p01.jpg,data\pages\passport_edge\passport_edge_00077_p01.jpg,1241,1754,26,ok,,633
data\pages/passport_edge/passport_edge_00079_p02.jpg,passport_edge_00079_p02.jpg,data\pages\passport_edge\passport_edge_00079_p02.jpg,1241,1754,26,ok,,634
data\pages/passport_edge/passport_edge_00081_p02.jpg,passport_edge_00081_p02.jpg,data\pages\passport_edge\passport_edge_00081_p02.jpg,1241,1754,22,ok,,635
data\pages/passport_edge/passport_edge_00083_p01.jpg,passport_edge_00083_p01.jpg,data\pages\passport_edge\passport_edge_00083_p01.jpg,1241,1754,21,ok,,636
data\pages/passport_edge/passport_edge_00085_p01.jpg,passport_edge_00085_p01.jpg,data\pages\passport_edge\passport_edge_00085_p01.jpg,1275,1650,26,ok,,637
data\pages/passport_edge/passport_edge_00087_p03.jpg,passport_edge_00087_p03.jpg,data\pages\passport_edge\passport_edge_00087_p03.jpg,1241,1754,22,ok,,638
data\pages/passport_edge/passport_edge_00089_p03.jpg,passport_edge_00089_p03.jpg,data\pages\passport_edge\passport_edge_00089_p03.jpg,1241,1754,22,ok,,639
data\pages/passport_edge/passport_edge_00091_p03.jpg,passport_edge_00091_p03.jpg,data\pages\passport_edge\passport_edge_00091_p03.jpg,1241,1754,26,ok,,640
data\pages/passport_edge/passport_edge_00093_p01.jpg,passport_edge_00093_p01.jpg,data\pages\passport_edge\passport_edge_00093_p01.jpg,1241,1754,26,ok,,641
data\pages/passport_edge/passport_edge_00095_p03.jpg,passport_edge_00095_p03.jpg,data\pages\passport_edge\passport_edge_00095_p03.jpg,1241,1754,22,ok,,642
data\pages/passport_edge/passport_edge_00097_p01.jpg,passport_edge_00097_p01.jpg,data\pages\passport_edge\passport_edge_00097_p01.jpg,1241,1754,22,ok,,643
data\pages/passport_edge/passport_edge_00099_p02.jpg,passport_edge_00099_p02.jpg,data\pages\passport_edge\passport_edge_00099_p02.jpg,1241,1754,22,ok,,644
data\pages/passport_edge/passport_edge_00101_p03.jpg,passport_edge_00101_p03.jpg,data\pages\passport_edge\passport_edge_00101_p03.jpg,1241,1754,22,ok,,645
data\pages/passport_edge/passport_edge_00103_p04.jpg,passport_edge_00103_p04.jpg,data\pages\passport_edge\passport_edge_00103_p04.jpg,1241,1754,26,ok,,646
data\pages/passport_edge/passport_edge_00105_p04.jpg,passport_edge_00105_p04.jpg,data\pages\passport_edge\passport_edge_00105_p04.jpg,1241,1754,26,ok,,647
data\pages/passport_edge/passport_edge_00107_p03.jpg,passport_edge_00107_p03.jpg,data\pages\passport_edge\passport_edge_00107_p03.jpg,1241,1754,25,ok,,648
data\pages/passport_edge/passport_edge_00109_p03.jpg,passport_edge_00109_p03.jpg,data\pages\passport_edge\passport_edge_00109_p03.jpg,1241,1754,26,ok,,649
data\pages/passport_edge/passport_edge_00111_p02.jpg,passport_edge_00111_p02.jpg,data\pages\passport_edge\passport_edge_00111_p02.jpg,1275,1650,26,ok,,650
data\pages/passport_edge/passport_edge_00113_p02.jpg,passport_edge_00113_p02.jpg,data\pages\passport_edge\passport_edge_00113_p02.jpg,1241,1754,22,ok,,651
data\pages/passport_edge/passport_edge_00115_p01.jpg,passport_edge_00115_p01.jpg,data\pages\passport_edge\passport_edge_00115_p01.jpg,1275,1650,26,ok,,652
data\pages/passport_edge/passport_edge_00117_p02.jpg,passport_edge_00117_p02.jpg,data\pages\passport_edge\passport_edge_00117_p02.jpg,1241,1754,22,ok,,653
data\pages/passport_edge/passport_edge_00119_p02.jpg,passport_edge_00119_p02.jpg,data\pages\passport_edge\passport_edge_00119_p02.jpg,1241,1754,22,ok,,654
data\pages/passport_edge/passport_edge_00121_p02.jpg,passport_edge_00121_p02.jpg,data\pages\passport_edge\passport_edge_00121_p02.jpg,1241,1754,26,ok,,655
data\pages/passport_edge/passport_edge_00123_p01.jpg,passport_edge_00123_p01.jpg,data\pages\passport_edge\passport_edge_00123_p01.jpg,1241,1754,26,ok,,656
data\pages/passport_edge/passport_edge_00125_p02.jpg,passport_edge_00125_p02.jpg,data\pages\passport_edge\passport_edge_00125_p02.jpg,1241,1754,26,ok,,657
data\pages/passport_edge/passport_edge_00127_p04.jpg,passport_edge_00127_p04.jpg,data\pages\passport_edge\passport_edge_00127_p04.jpg,1241,1754,26,ok,,658
data\pages/passport_edge/passport_edge_00129_p02.jpg,passport_edge_00129_p02.jpg,data\pages\passport_edge\passport_edge_00129_p02.jpg,1275,1650,25,ok,,659
data\pages/passport_edge/passport_edge_00131_p02.jpg,passport_edge_00131_p02.jpg,data\pages\passport_edge\passport_edge_00131_p02.jpg,1275,1650,18,ok,,660
data\pages/passport_edge/passport_edge_00133_p02.jpg,passport_edge_00133_p02.jpg,data\pages\passport_edge\passport_edge_00133_p02.jpg,1241,1754,24,ok,,661
data\pages/passport_edge/passport_edge_00135_p02.jpg,passport_edge_00135_p02.jpg,data\pages\passport_edge\passport_edge_00135_p02.jpg,1241,1754,22,ok,,662
data\pages/passport_edge/passport_edge_00137_p02.jpg,passport_edge_00137_p02.jpg,data\pages\passport_edge\passport_edge_00137_p02.jpg,1275,1650,26,ok,,663
data\pages/passport_edge/passport_edge_00139_p01.jpg,passport_edge_00139_p01.jpg,data\pages\passport_edge\passport_edge_00139_p01.jpg,1241,1754,22,ok,,664
data\pages/passport_edge/passport_edge_00141_p02.jpg,passport_edge_00141_p02.jpg,data\pages\passport_edge\passport_edge_00141_p02.jpg,1241,1754,26,ok,,665
data\pages/passport_edge/passport_edge_00143_p02.jpg,passport_edge_00143_p02.jpg,data\pages\passport_edge\passport_edge_00143_p02.jpg,1241,1754,26,ok,,666
data\pages/passport_edge/passport_edge_00145_p01.jpg,passport_edge_00145_p01.jpg,data\pages\passport_edge\passport_edge_00145_p01.jpg,1241,1754,22,ok,,667
data\pages/passport_edge/passport_edge_00147_p02.jpg,passport_edge_00147_p02.jpg,data\pages\passport_edge\passport_edge_00147_p02.jpg,1241,1754,25,ok,,668
data\pages/passport_edge/passport_edge_00149_p04.jpg,passport_edge_00149_p04.jpg,data\pages\passport_edge\passport_edge_00149_p04.jpg,1241,1754,22,ok,,669
data\pages/passport_edge/passport_edge_00151_p02.jpg,passport_edge_00151_p02.jpg,data\pages\passport_edge\passport_edge_00151_p02.jpg,1241,1754,26,ok,,670
data\pages/passport_edge/passport_edge_00153_p03.jpg,passport_edge_00153_p03.jpg,data\pages\passport_edge\passport_edge_00153_p03.jpg,1275,1650,18,ok,,671
data\pages/passport_edge/passport_edge_00155_p02.jpg,passport_edge_00155_p02.jpg,data\pages\passport_edge\passport_edge_00155_p02.jpg,1241,1754,26,ok,,672
data\pages/passport_edge/passport_edge_00157_p01.jpg,passport_edge_00157_p01.jpg,data\pages\passport_edge\passport_edge_00157_p01.jpg,1275,1650,26,ok,,673
data\pages/passport_edge/passport_edge_00159_p01.jpg,passport_edge_00159_p01.jpg,data\pages\passport_edge\passport_edge_00159_p01.jpg,1241,1754,26,ok,,674
data\pages/passport_edge/passport_edge_00161_p01.jpg,passport_edge_00161_p01.jpg,data\pages\passport_edge\passport_edge_00161_p01.jpg,1275,1650,26,ok,,675
data\pages/passport_edge/passport_edge_00163_p01.jpg,passport_edge_00163_p01.jpg,data\pages\passport_edge\passport_edge_00163_p01.jpg,1241,1754,22,ok,,676
data\pages/passport_edge/passport_edge_00165_p01.jpg,passport_edge_00165_p01.jpg,data\pages\passport_edge\passport_edge_00165_p01.jpg,1275,1650,26,ok,,677
data\pages/passport_edge/passport_edge_00167_p02.jpg,passport_edge_00167_p02.jpg,data\pages\passport_edge\passport_edge_00167_p02.jpg,1275,1650,26,ok,,678
data\pages/passport_edge/passport_edge_00169_p01.jpg,passport_edge_00169_p01.jpg,data\pages\passport_edge\passport_edge_00169_p01.jpg,1241,1754,21,ok,,679
data\pages/passport_edge/passport_edge_00171_p03.jpg,passport_edge_00171_p03.jpg,data\pages\passport_edge\passport_edge_00171_p03.jpg,1241,1754,26,ok,,680
data\pages/passport_edge/passport_edge_00173_p01.jpg,passport_edge_00173_p01.jpg,data\pages\passport_edge\passport_edge_00173_p01.jpg,1275,1650,26,ok,,681
data\pages/passport_edge/passport_edge_00175_p01.jpg,passport_edge_00175_p01.jpg,data\pages\passport_edge\passport_edge_00175_p01.jpg,1241,1754,22,ok,,682
data\pages/passport_edge/passport_edge_00177_p01.jpg,passport_edge_00177_p01.jpg,data\pages\passport_edge\passport_edge_00177_p01.jpg,1275,1650,26,ok,,683
data\pages/passport_edge/passport_edge_00179_p04.jpg,passport_edge_00179_p04.jpg,data\pages\passport_edge\passport_edge_00179_p04.jpg,1241,1754,21,ok,,684
data\pages/passport_edge/passport_edge_00181_p03.jpg,passport_edge_00181_p03.jpg,data\pages\passport_edge\passport_edge_00181_p03.jpg,1275,1650,21,ok,,685
data\pages/passport_edge/passport_edge_00183_p03.jpg,passport_edge_00183_p03.jpg,data\pages\passport_edge\passport_edge_00183_p03.jpg,1241,1754,22,ok,,686
data\pages/passport_edge/passport_edge_00185_p02.jpg,passport_edge_00185_p02.jpg,data\pages\passport_edge\passport_edge_00185_p02.jpg,1275,1650,26,ok,,687
data\pages/passport_edge/passport_edge_00187_p01.jpg,passport_edge_00187_p01.jpg,data\pages\passport_edge\passport_edge_00187_p01.jpg,1241,1754,26,ok,,688
data\pages/passport_edge/passport_edge_00189_p02.jpg,passport_edge_00189_p02.jpg,data\pages\passport_edge\passport_edge_00189_p02.jpg,1241,1754,23,ok,,689
data\pages/passport_edge/passport_edge_00191_p02.jpg,passport_edge_00191_p02.jpg,data\pages\passport_edge\passport_edge_00191_p02.jpg,1241,1754,22,ok,,690
data\pages/passport_edge/passport_edge_00193_p02.jpg,passport_edge_00193_p02.jpg,data\pages\passport_edge\passport_edge_00193_p02.jpg,1241,1754,22,ok,,691
data\pages/passport_edge/passport_edge_00195_p02.jpg,passport_edge_00195_p02.jpg,data\pages\passport_edge\passport_edge_00195_p02.jpg,1275,1650,16,ok,,692
data\pages/passport_edge/passport_edge_00197_p01.jpg,passport_edge_00197_p01.jpg,data\pages\passport_edge\passport_edge_00197_p01.jpg,1241,1754,25,ok,,693
data\pages/passport_edge/passport_edge_00199_p03.jpg,passport_edge_00199_p03.jpg,data\pages\passport_edge\passport_edge_00199_p03.jpg,1241,1754,25,ok,,694
data\pages/passport_edge/passport_edge_00201_p01.jpg,passport_edge_00201_p01.jpg,data\pages\passport_edge\passport_edge_00201_p01.jpg,1241,1754,26,ok,,695
data\pages/passport_edge/passport_edge_00203_p02.jpg,passport_edge_00203_p02.jpg,data\pages\passport_edge\passport_edge_00203_p02.jpg,1275,1650,22,ok,,696
data\pages/passport_edge/passport_edge_00205_p02.jpg,passport_edge_00205_p02.jpg,data\pages\passport_edge\passport_edge_00205_p02.jpg,1241,1754,26,ok,,697
data\pages/passport_edge/passport_edge_00207_p02.jpg,passport_edge_00207_p02.jpg,data\pages\passport_edge\passport_edge_00207_p02.jpg,1241,1754,26,ok,,698
data\pages/passport_edge/passport_edge_00209_p03.jpg,passport_edge_00209_p03.jpg,data\pages\passport_edge\passport_edge_00209_p03.jpg,1241,1754,24,ok,,699
data\pages/passport_edge/passport_edge_00211_p03.jpg,passport_edge_00211_p03.jpg,data\pages\passport_edge\passport_edge_00211_p03.jpg,1241,1754,25,ok,,700
data\pages/passport_edge/passport_edge_00213_p02.jpg,passport_edge_00213_p02.jpg,data\pages\passport_edge\passport_edge_00213_p02.jpg,1275,1650,22,ok,,701
data\pages/passport_edge/passport_edge_00215_p02.jpg,passport_edge_00215_p02.jpg,data\pages\passport_edge\passport_edge_00215_p02.jpg,1241,1754,25,ok,,702
data\pages/passport_edge/passport_edge_00217_p02.jpg,passport_edge_00217_p02.jpg,data\pages\passport_edge\passport_edge_00217_p02.jpg,1241,1754,24,ok,,703
data\pages/passport_edge/passport_edge_00219_p01.jpg,passport_edge_00219_p01.jpg,data\pages\passport_edge\passport_edge_00219_p01.jpg,1241,1754,26,ok,,704
data\pages/passport_edge/passport_edge_00221_p02.jpg,passport_edge_00221_p02.jpg,data\pages\passport_edge\passport_edge_00221_p02.jpg,1275,1650,26,ok,,705
data\pages/passport_edge/passport_edge_00223_p01.jpg,passport_edge_00223_p01.jpg,data\pages\passport_edge\passport_edge_00223_p01.jpg,1241,1754,24,ok,,706
data\pages/passport_edge/passport_edge_00225_p01.jpg,passport_edge_00225_p01.jpg,data\pages\passport_edge\passport_edge_00225_p01.jpg,1241,1754,26,ok,,707
data\pages/passport_edge/passport_edge_00227_p02.jpg,passport_edge_00227_p02.jpg,data\pages\passport_edge\passport_edge_00227_p02.jpg,1275,1650,26,ok,,708
data\pages/passport_edge/passport_edge_00229_p01.jpg,passport_edge_00229_p01.jpg,data\pages\passport_edge\passport_edge_00229_p01.jpg,1241,1754,26,ok,,709
data\pages/passport_edge/passport_edge_00231_p02.jpg,passport_edge_00231_p02.jpg,data\pages\passport_edge\passport_edge_00231_p02.jpg,1275,1650,26,ok,,710
data\pages/passport_edge/passport_edge_00233_p04.jpg,passport_edge_00233_p04.jpg,data\pages\passport_edge\passport_edge_00233_p04.jpg,1241,1754,26,ok,,711
data\pages/passport_edge/passport_edge_00235_p02.jpg,passport_edge_00235_p02.jpg,data\pages\passport_edge\passport_edge_00235_p02.jpg,1241,1754,25,ok,,712
data\pages/passport_edge/passport_edge_00237_p03.jpg,passport_edge_00237_p03.jpg,data\pages\passport_edge\passport_edge_00237_p03.jpg,1241,1754,24,ok,,713
data\pages/passport_edge/passport_edge_00239_p03.jpg,passport_edge_00239_p03.jpg,data\pages\passport_edge\passport_edge_00239_p03.jpg,1241,1754,26,ok,,714
data\pages/passport_edge/passport_edge_00241_p04.jpg,passport_edge_00241_p04.jpg,data\pages\passport_edge\passport_edge_00241_p04.jpg,1241,1754,26,ok,,715
data\pages/passport_edge/passport_edge_00243_p01.jpg,passport_edge_00243_p01.jpg,data\pages\passport_edge\passport_edge_00243_p01.jpg,1241,1754,24,ok,,716
data\pages/passport_normal/passport_normal_00000_p01.jpg,passport_normal_00000_p01.jpg,data\pages\passport_normal\passport_normal_00000_p01.jpg,1275,1650,26,ok,,717
data\pages/passport_normal/passport_normal_00002_p02.jpg,passport_normal_00002_p02.jpg,data\pages\passport_normal\passport_normal_00002_p02.jpg,1241,1754,26,ok,,718
data\pages/passport_normal/passport_normal_00004_p01.jpg,passport_normal_00004_p01.jpg,data\pages\passport_normal\passport_normal_00004_p01.jpg,1241,1754,25,ok,,719
data\pages/passport_normal/passport_normal_00006_p02.jpg,passport_normal_00006_p02.jpg,data\pages\passport_normal\passport_normal_00006_p02.jpg,1241,1754,22,ok,,720
data\pages/passport_normal/passport_normal_00008_p01.jpg,passport_normal_00008_p01.jpg,data\pages\passport_normal\passport_normal_00008_p01.jpg,1275,1650,26,ok,,721
data\pages/passport_normal/passport_normal_00010_p01.jpg,passport_normal_00010_p01.jpg,data\pages\passport_normal\passport_normal_00010_p01.jpg,1241,1754,22,ok,,722
data\pages/passport_normal/passport_normal_00012_p01.jpg,passport_normal_00012_p01.jpg,data\pages\passport_normal\passport_normal_00012_p01.jpg,1241,1754,22,ok,,723
data\pages/passport_normal/passport_normal_00014_p01.jpg,passport_normal_00014_p01.jpg,data\pages\passport_normal\passport_normal_00014_p01.jpg,1241,1754,22,ok,,724
data\pages/passport_normal/passport_normal_00016_p01.jpg,passport_normal_00016_p01.jpg,data\pages\passport_normal\passport_normal_00016_p01.jpg,1275,1650,26,ok,,725
data\pages/passport_normal/passport_normal_00018_p02.jpg,passport_normal_00018_p02.jpg,data\pages\passport_normal\passport_normal_00018_p02.jpg,1275,1650,25,ok,,726
data\pages/passport_normal/passport_normal_00020_p02.jpg,passport_normal_00020_p02.jpg,data\pages\passport_normal\passport_normal_00020_p02.jpg,1241,1754,26,ok,,727
data\pages/passport_normal/passport_normal_00022_p01.jpg,passport_normal_00022_p01.jpg,data\pages\passport_normal\passport_normal_00022_p01.jpg,1241,1754,22,ok,,728
data\pages/passport_normal/passport_normal_00024_p03.jpg,passport_normal_00024_p03.jpg,data\pages\passport_normal\passport_normal_00024_p03.jpg,1241,1754,25,ok,,729
data\pages/passport_normal/passport_normal_00026_p01.jpg,passport_normal_00026_p01.jpg,data\pages\passport_normal\passport_normal_00026_p01.jpg,1241,1754,22,ok,,730
data\pages/passport_normal/passport_normal_00028_p02.jpg,passport_normal_00028_p02.jpg,data\pages\passport_normal\passport_normal_00028_p02.jpg,1275,1650,26,ok,,731
data\pages/passport_normal/passport_normal_00030_p01.jpg,passport_normal_00030_p01.jpg,data\pages\passport_normal\passport_normal_00030_p01.jpg,1241,1754,22,ok,,732
data\pages/passport_normal/passport_normal_00032_p02.jpg,passport_normal_00032_p02.jpg,data\pages\passport_normal\passport_normal_00032_p02.jpg,1275,1650,26,ok,,733
data\pages/passport_normal/passport_normal_00034_p02.jpg,passport_normal_00034_p02.jpg,data\pages\passport_normal\passport_normal_00034_p02.jpg,1275,1650,18,ok,,734
data\pages/passport_normal/passport_normal_00036_p02.jpg,passport_normal_00036_p02.jpg,data\pages\passport_normal\passport_normal_00036_p02.jpg,1241,1754,26,ok,,735
data\pages/passport_normal/passport_normal_00038_p02.jpg,passport_normal_00038_p02.jpg,data\pages\passport_normal\passport_normal_00038_p02.jpg,1241,1754,22,ok,,736
data\pages/passport_normal/passport_normal_00040_p02.jpg,passport_normal_00040_p02.jpg,data\pages\passport_normal\passport_normal_00040_p02.jpg,1241,1754,22,ok,,737
data\pages/passport_normal/passport_normal_00042_p03.jpg,passport_normal_00042_p03.jpg,data\pages\passport_normal\passport_normal_00042_p03.jpg,1241,1754,24,ok,,738
data\pages/passport_normal/passport_normal_00044_p01.jpg,passport_normal_00044_p01.jpg,data\pages\passport_normal\passport_normal_00044_p01.jpg,1275,1650,26,ok,,739
data\pages/passport_normal/passport_normal_00046_p01.jpg,passport_normal_00046_p01.jpg,data\pages\passport_normal\passport_normal_00046_p01.jpg,1275,1650,26,ok,,740
data\pages/passport_normal/passport_normal_00048_p01.jpg,passport_normal_00048_p01.jpg,data\pages\passport_normal\passport_normal_00048_p01.jpg,1241,1754,22,ok,,741
data\pages/passport_normal/passport_normal_00050_p02.jpg,passport_normal_00050_p02.jpg,data\pages\passport_normal\passport_normal_00050_p02.jpg,1241,1754,22,ok,,742
data\pages/passport_normal/passport_normal_00052_p02.jpg,passport_normal_00052_p02.jpg,data\pages\passport_normal\passport_normal_00052_p02.jpg,1241,1754,25,ok,,743
data\pages/passport_normal/passport_normal_00054_p01.jpg,passport_normal_00054_p01.jpg,data\pages\passport_normal\passport_normal_00054_p01.jpg,1241,1754,26,ok,,744
data\pages/passport_normal/passport_normal_00056_p01.jpg,passport_normal_00056_p01.jpg,data\pages\passport_normal\passport_normal_00056_p01.jpg,1275,1650,26,ok,,745
data\pages/passport_normal/passport_normal_00058_p02.jpg,passport_normal_00058_p02.jpg,data\pages\passport_normal\passport_normal_00058_p02.jpg,1275,1650,26,ok,,746
data\pages/passport_normal/passport_normal_00060_p01.jpg,passport_normal_00060_p01.jpg,data\pages\passport_normal\passport_normal_00060_p01.jpg,1241,1754,22,ok,,747
data\pages/passport_normal/passport_normal_00062_p03.jpg,passport_normal_00062_p03.jpg,data\pages\passport_normal\passport_normal_00062_p03.jpg,1241,1754,22,ok,,748
data\pages/passport_normal/passport_normal_00064_p03.jpg,passport_normal_00064_p03.jpg,data\pages\passport_normal\passport_normal_00064_p03.jpg,1241,1754,26,ok,,749
data\pages/passport_normal/passport_normal_00066_p01.jpg,passport_normal_00066_p01.jpg,data\pages\passport_normal\passport_normal_00066_p01.jpg,1275,1650,26,ok,,750
data\pages/passport_normal/passport_normal_00068_p01.jpg,passport_normal_00068_p01.jpg,data\pages\passport_normal\passport_normal_00068_p01.jpg,1275,1650,26,ok,,751
data\pages/passport_normal/passport_normal_00070_p02.jpg,passport_normal_00070_p02.jpg,data\pages\passport_normal\passport_normal_00070_p02.jpg,1241,1754,25,ok,,752
data\pages/passport_normal/passport_normal_00072_p01.jpg,passport_normal_00072_p01.jpg,data\pages\passport_normal\passport_normal_00072_p01.jpg,1241,1754,26,ok,,753
data\pages/passport_normal/passport_normal_00074_p01.jpg,passport_normal_00074_p01.jpg,data\pages\passport_normal\passport_normal_00074_p01.jpg,1241,1754,22,ok,,754
data\pages/passport_normal/passport_normal_00076_p01.jpg,passport_normal_00076_p01.jpg,data\pages\passport_normal\passport_normal_00076_p01.jpg,1275,1650,26,ok,,755
data\pages/passport_normal/passport_normal_00078_p03.jpg,passport_normal_00078_p03.jpg,data\pages\passport_normal\passport_normal_00078_p03.jpg,1241,1754,26,ok,,756
data\pages/passport_normal/passport_normal_00080_p01.jpg,passport_normal_00080_p01.jpg,data\pages\passport_normal\passport_normal_00080_p01.jpg,1275,1650,26,ok,,757
data\pages/passport_normal/passport_normal_00082_p01.jpg,passport_normal_00082_p01.jpg,data\pages\passport_normal\passport_normal_00082_p01.jpg,1241,1754,24,ok,,758
data\pages/passport_normal/passport_normal_00084_p02.jpg,passport_normal_00084_p02.jpg,data\pages\passport_normal\passport_normal_00084_p02.jpg,1241,1754,26,ok,,759
data\pages/passport_normal/passport_normal_00086_p02.jpg,passport_normal_00086_p02.jpg,data\pages\passport_normal\passport_normal_00086_p02.jpg,1241,1754,26,ok,,760
data\pages/passport_normal/passport_normal_00088_p01.jpg,passport_normal_00088_p01.jpg,data\pages\passport_normal\passport_normal_00088_p01.jpg,1275,1650,24,ok,,761
data\pages/passport_normal/passport_normal_00090_p02.jpg,passport_normal_00090_p02.jpg,data\pages\passport_normal\passport_normal_00090_p02.jpg,1241,1754,21,ok,,762
data\pages/passport_normal/passport_normal_00092_p04.jpg,passport_normal_00092_p04.jpg,data\pages\passport_normal\passport_normal_00092_p04.jpg,1241,1754,22,ok,,763
data\pages/passport_normal/passport_normal_00094_p02.jpg,passport_normal_00094_p02.jpg,data\pages\passport_normal\passport_normal_00094_p02.jpg,1275,1650,18,ok,,764
data\pages/passport_normal/passport_normal_00096_p02.jpg,passport_normal_00096_p02.jpg,data\pages\passport_normal\passport_normal_00096_p02.jpg,1241,1754,22,ok,,765
data\pages/passport_normal/passport_normal_00098_p02.jpg,passport_normal_00098_p02.jpg,data\pages\passport_normal\passport_normal_00098_p02.jpg,1275,1650,26,ok,,766
data\pages/passport_normal/passport_normal_00100_p01.jpg,passport_normal_00100_p01.jpg,data\pages\passport_normal\passport_normal_00100_p01.jpg,1275,1650,26,ok,,767
data\pages/passport_normal/passport_normal_00102_p01.jpg,passport_normal_00102_p01.jpg,data\pages\passport_normal\passport_normal_00102_p01.jpg,1241,1754,22,ok,,768
data\pages/passport_normal/passport_normal_00104_p02.jpg,passport_normal_00104_p02.jpg,data\pages\passport_normal\passport_normal_00104_p02.jpg,1241,1754,21,ok,,769
data\pages/passport_normal/passport_normal_00106_p01.jpg,passport_normal_00106_p01.jpg,data\pages\passport_normal\passport_normal_00106_p01.jpg,1241,1754,24,ok,,770
data\pages/passport_normal/passport_normal_00108_p03.jpg,passport_normal_00108_p03.jpg,data\pages\passport_normal\passport_normal_00108_p03.jpg,1241,1754,22,ok,,771
data\pages/passport_normal/passport_normal_00110_p01.jpg,passport_normal_00110_p01.jpg,data\pages\passport_normal\passport_normal_00110_p01.jpg,1275,1650,26,ok,,772
data\pages/passport_normal/passport_normal_00112_p02.jpg,passport_normal_00112_p02.jpg,data\pages\passport_normal\passport_normal_00112_p02.jpg,1241,1754,26,ok,,773
data\pages/passport_normal/passport_normal_00114_p01.jpg,passport_normal_00114_p01.jpg,data\pages\passport_normal\passport_normal_00114_p01.jpg,1241,1754,22,ok,,774
data\pages/passport_normal/passport_normal_00116_p02.jpg,passport_normal_00116_p02.jpg,data\pages\passport_normal\passport_normal_00116_p02.jpg,1241,1754,22,ok,,775
data\pages/passport_normal/passport_normal_00118_p02.jpg,passport_normal_00118_p02.jpg,data\pages\passport_normal\passport_normal_00118_p02.jpg,1241,1754,26,ok,,776
data\pages/passport_normal/passport_normal_00120_p02.jpg,passport_normal_00120_p02.jpg,data\pages\passport_normal\passport_normal_00120_p02.jpg,1241,1754,20,ok,,777
data\pages/passport_normal/passport_normal_00122_p01.jpg,passport_normal_00122_p01.jpg,data\pages\passport_normal\passport_normal_00122_p01.jpg,1241,1754,25,ok,,778
data\pages/passport_normal/passport_normal_00124_p02.jpg,passport_normal_00124_p02.jpg,data\pages\passport_normal\passport_normal_00124_p02.jpg,1241,1754,22,ok,,779
data\pages/passport_normal/passport_normal_00126_p03.jpg,passport_normal_00126_p03.jpg,data\pages\passport_normal\passport_normal_00126_p03.jpg,1241,1754,26,ok,,780
data\pages/passport_normal/passport_normal_00128_p02.jpg,passport_normal_00128_p02.jpg,data\pages\passport_normal\passport_normal_00128_p02.jpg,1241,1754,22,ok,,781
data\pages/passport_normal/passport_normal_00130_p02.jpg,passport_normal_00130_p02.jpg,data\pages\passport_normal\passport_normal_00130_p02.jpg,1241,1754,22,ok,,782
data\pages/passport_normal/passport_normal_00132_p02.jpg,passport_normal_00132_p02.jpg,data\pages\passport_normal\passport_normal_00132_p02.jpg,1241,1754,22,ok,,783
data\pages/passport_normal/passport_normal_00134_p01.jpg,passport_normal_00134_p01.jpg,data\pages\passport_normal\passport_normal_00134_p01.jpg,1241,1754,22,ok,,784
data\pages/passport_normal/passport_normal_00136_p01.jpg,passport_normal_00136_p01.jpg,data\pages\passport_normal\passport_normal_00136_p01.jpg,1241,1754,22,ok,,785
data\pages/passport_normal/passport_normal_00138_p01.jpg,passport_normal_00138_p01.jpg,data\pages\passport_normal\passport_normal_00138_p01.jpg,1275,1650,26,ok,,786
data\pages/passport_normal/passport_normal_00140_p03.jpg,passport_normal_00140_p03.jpg,data\pages\passport_normal\passport_normal_00140_p03.jpg,1241,1754,22,ok,,787
data\pages/passport_normal/passport_normal_00142_p02.jpg,passport_normal_00142_p02.jpg,data\pages\passport_normal\passport_normal_00142_p02.jpg,1241,1754,26,ok,,788
data\pages/passport_normal/passport_normal_00144_p02.jpg,passport_normal_00144_p02.jpg,data\pages\passport_normal\passport_normal_00144_p02.jpg,1241,1754,22,ok,,789
data\pages/passport_normal/passport_normal_00146_p02.jpg,passport_normal_00146_p02.jpg,data\pages\passport_normal\passport_normal_00146_p02.jpg,1241,1754,22,ok,,790
data\pages/passport_normal/passport_normal_00148_p02.jpg,passport_normal_00148_p02.jpg,data\pages\passport_normal\passport_normal_00148_p02.jpg,1241,1754,26,ok,,791
data\pages/passport_normal/passport_normal_00150_p01.jpg,passport_normal_00150_p01.jpg,data\pages\passport_normal\passport_normal_00150_p01.jpg,1241,1754,25,ok,,792
data\pages/passport_normal/passport_normal_00152_p01.jpg,passport_normal_00152_p01.jpg,data\pages\passport_normal\passport_normal_00152_p01.jpg,1241,1754,22,ok,,793
data\pages/passport_normal/passport_normal_00154_p01.jpg,passport_normal_00154_p01.jpg,data\pages\passport_normal\passport_normal_00154_p01.jpg,1241,1754,23,ok,,794
data\pages/passport_normal/passport_normal_00156_p02.jpg,passport_normal_00156_p02.jpg,data\pages\passport_normal\passport_normal_00156_p02.jpg,1275,1650,26,ok,,795
data\pages/passport_normal/passport_normal_00158_p02.jpg,passport_normal_00158_p02.jpg,data\pages\passport_normal\passport_normal_00158_p02.jpg,1241,1754,21,ok,,796
data\pages/passport_normal/passport_normal_00160_p01.jpg,passport_normal_00160_p01.jpg,data\pages\passport_normal\passport_normal_00160_p01.jpg,1275,1650,26,ok,,797
data\pages/passport_normal/passport_normal_00162_p01.jpg,passport_normal_00162_p01.jpg,data\pages\passport_normal\passport_normal_00162_p01.jpg,1241,1754,22,ok,,798
data\pages/passport_normal/passport_normal_00164_p01.jpg,passport_normal_00164_p01.jpg,data\pages\passport_normal\passport_normal_00164_p01.jpg,1275,1650,26,ok,,799
data\pages/passport_normal/passport_normal_00166_p01.jpg,passport_normal_00166_p01.jpg,data\pages\passport_normal\passport_normal_00166_p01.jpg,1275,1650,26,ok,,800
data\pages/passport_normal/passport_normal_00168_p02.jpg,passport_normal_00168_p02.jpg,data\pages\passport_normal\passport_normal_00168_p02.jpg,1241,1754,22,ok,,801
data\pages/passport_normal/passport_normal_00170_p01.jpg,passport_normal_00170_p01.jpg,data\pages\passport_normal\passport_normal_00170_p01.jpg,1241,1754,25,ok,,802
data\pages/passport_normal/passport_normal_00172_p02.jpg,passport_normal_00172_p02.jpg,data\pages\passport_normal\passport_normal_00172_p02.jpg,1275,1650,18,ok,,803
data\pages/passport_normal/passport_normal_00174_p01.jpg,passport_normal_00174_p01.jpg,data\pages\passport_normal\passport_normal_00174_p01.jpg,1241,1754,22,ok,,804
data\pages/passport_normal/passport_normal_00176_p02.jpg,passport_normal_00176_p02.jpg,data\pages\passport_normal\passport_normal_00176_p02.jpg,1241,1754,18,ok,,805
data\pages/passport_normal/passport_normal_00178_p03.jpg,passport_normal_00178_p03.jpg,data\pages\passport_normal\passport_normal_00178_p03.jpg,1241,1754,26,ok,,806
data\pages/passport_normal/passport_normal_00180_p01.jpg,passport_normal_00180_p01.jpg,data\pages\passport_normal\passport_normal_00180_p01.jpg,1241,1754,25,ok,,807
data\pages/passport_normal/passport_normal_00182_p01.jpg,passport_normal_00182_p01.jpg,data\pages\passport_normal\passport_normal_00182_p01.jpg,1241,1754,26,ok,,808
data\pages/passport_normal/passport_normal_00184_p01.jpg,passport_normal_00184_p01.jpg,data\pages\passport_normal\passport_normal_00184_p01.jpg,1241,1754,25,ok,,809
data\pages/passport_normal/passport_normal_00186_p03.jpg,passport_normal_00186_p03.jpg,data\pages\passport_normal\passport_normal_00186_p03.jpg,1241,1754,22,ok,,810
data\pages/passport_normal/passport_normal_00188_p01.jpg,passport_normal_00188_p01.jpg,data\pages\passport_normal\passport_normal_00188_p01.jpg,1275,1650,26,ok,,811
data\pages/passport_normal/passport_normal_00190_p02.jpg,passport_normal_00190_p02.jpg,data\pages\passport_normal\passport_normal_00190_p02.jpg,1275,1650,26,ok,,812
data\pages/passport_normal/passport_normal_00192_p01.jpg,passport_normal_00192_p01.jpg,data\pages\passport_normal\passport_normal_00192_p01.jpg,1241,1754,26,ok,,813
data\pages/passport_normal/passport_normal_00194_p02.jpg,passport_normal_00194_p02.jpg,data\pages\passport_normal\passport_normal_00194_p02.jpg,1241,1754,26,ok,,814
data\pages/passport_normal/passport_normal_00196_p01.jpg,passport_normal_00196_p01.jpg,data\pages\passport_normal\passport_normal_00196_p01.jpg,1241,1754,22,ok,,815
data\pages/passport_normal/passport_normal_00198_p03.jpg,passport_normal_00198_p03.jpg,data\pages\passport_normal\passport_normal_00198_p03.jpg,1241,1754,22,ok,,816
data\pages/passport_normal/passport_normal_00200_p02.jpg,passport_normal_00200_p02.jpg,data\pages\passport_normal\passport_normal_00200_p02.jpg,1241,1754,24,ok,,817
data\pages/passport_normal/passport_normal_00202_p04.jpg,passport_normal_00202_p04.jpg,data\pages\passport_normal\passport_normal_00202_p04.jpg,1241,1754,25,ok,,818
data\pages/passport_normal/passport_normal_00204_p03.jpg,passport_normal_00204_p03.jpg,data\pages\passport_normal\passport_normal_00204_p03.jpg,1241,1754,26,ok,,819
data\pages/passport_normal/passport_normal_00206_p02.jpg,passport_normal_00206_p02.jpg,data\pages\passport_normal\passport_normal_00206_p02.jpg,1241,1754,26,ok,,820
data\pages/passport_normal/passport_normal_00208_p02.jpg,passport_normal_00208_p02.jpg,data\pages\passport_normal\passport_normal_00208_p02.jpg,1241,1754,24,ok,,821
data\pages/passport_normal/passport_normal_00210_p02.jpg,passport_normal_00210_p02.jpg,data\pages\passport_normal\passport_normal_00210_p02.jpg,1275,1650,26,ok,,822
data\pages/passport_normal/passport_normal_00212_p01.jpg,passport_normal_00212_p01.jpg,data\pages\passport_normal\passport_normal_00212_p01.jpg,1241,1754,26,ok,,823
data\pages/passport_normal/passport_normal_00214_p01.jpg,passport_normal_00214_p01.jpg,data\pages\passport_normal\passport_normal_00214_p01.jpg,1241,1754,24,ok,,824
data\pages/passport_normal/passport_normal_00216_p01.jpg,passport_normal_00216_p01.jpg,data\pages\passport_normal\passport_normal_00216_p01.jpg,1241,1754,26,ok,,825
data\pages/passport_normal/passport_normal_00218_p02.jpg,passport_normal_00218_p02.jpg,data\pages\passport_normal\passport_normal_00218_p02.jpg,1241,1754,26,ok,,826
data\pages/passport_normal/passport_normal_00220_p02.jpg,passport_normal_00220_p02.jpg,data\pages\passport_normal\passport_normal_00220_p02.jpg,1241,1754,26,ok,,827
data\pages/passport_normal/passport_normal_00222_p01.jpg,passport_normal_00222_p01.jpg,data\pages\passport_normal\passport_normal_00222_p01.jpg,1241,1754,24,ok,,828
data\pages/passport_normal/passport_normal_00224_p03.jpg,passport_normal_00224_p03.jpg,data\pages\passport_normal\passport_normal_00224_p03.jpg,1241,1754,24,ok,,829
data\pages/passport_normal/passport_normal_00226_p03.jpg,passport_normal_00226_p03.jpg,data\pages\passport_normal\passport_normal_00226_p03.jpg,1241,1754,26,ok,,830
data\pages/passport_normal/passport_normal_00228_p03.jpg,passport_normal_00228_p03.jpg,data\pages\passport_normal\passport_normal_00228_p03.jpg,1241,1754,24,ok,,831
data\pages/passport_normal/passport_normal_00230_p02.jpg,passport_normal_00230_p02.jpg,data\pages\passport_normal\passport_normal_00230_p02.jpg,1241,1754,26,ok,,832
data\pages/passport_normal/passport_normal_00232_p03.jpg,passport_normal_00232_p03.jpg,data\pages\passport_normal\passport_normal_00232_p03.jpg,1241,1754,26,ok,,833
data\pages/passport_normal/passport_normal_00234_p02.jpg,passport_normal_00234_p02.jpg,data\pages\passport_normal\passport_normal_00234_p02.jpg,1241,1754,24,ok,,834
data\pages/passport_normal/passport_normal_00236_p01.jpg,passport_normal_00236_p01.jpg,data\pages\passport_normal\passport_normal_00236_p01.jpg,1241,1754,26,ok,,835
data\pages/passport_normal/passport_normal_00238_p02.jpg,passport_normal_00238_p02.jpg,data\pages\passport_normal\passport_normal_00238_p02.jpg,1275,1650,26,ok,,836
data\pages/passport_normal/passport_normal_00240_p01.jpg,passport_normal_00240_p01.jpg,data\pages\passport_normal\passport_normal_00240_p01.jpg,1241,1754,26,ok,,837
data\pages/passport_normal/passport_normal_00242_p03.jpg,passport_normal_00242_p03.jpg,data\pages\passport_normal\passport_normal_00242_p03.jpg,1241,1754,24,ok,,838
