page_name,page_path,document,doc_type,format,page_number,doc_page_count,contains_passport,is_edge_case,distortion,source_image
passport_normal_00000_p01.jpg,data\pages\passport_normal\passport_normal_00000_p01.jpg,passport_normal_00000.docx,passport_normal,docx,1,2,1,0,gentle,aslessor_passport_0000.jpg
passport_normal_00000_p02.jpg,data\pages\filler_text\passport_normal_00000_p02.jpg,passport_normal_00000.docx,filler_text,docx,2,2,0,0,,
passport_edge_00001_p01.jpg,data\pages\passport_edge\passport_edge_00001_p01.jpg,passport_edge_00001.pdf,passport_edge,pdf,1,2,1,1,rotated,aslessor_passport_0000.jpg
passport_edge_00001_p02.jpg,data\pages\filler_text\passport_edge_00001_p02.jpg,passport_edge_00001.pdf,filler_text,pdf,2,2,0,0,,
passport_normal_00002_p01.jpg,data\pages\filler_text\passport_normal_00002_p01.jpg,passport_normal_00002.pdf,filler_text,pdf,1,2,0,0,,
passport_normal_00002_p02.jpg,data\pages\passport_normal\passport_normal_00002_p02.jpg,passport_normal_00002.pdf,passport_normal,pdf,2,2,1,0,gentle,aslessor_passport_0001.jpg
passport_edge_00003_p01.jpg,data\pages\filler_text\passport_edge_00003_p01.jpg,passport_edge_00003.docx,filler_text,docx,1,2,0,0,,
passport_edge_00003_p02.jpg,data\pages\passport_edge\passport_edge_00003_p02.jpg,passport_edge_00003.docx,passport_edge,docx,2,2,1,1,photocopy,aslessor_passport_0001.jpg
passport_normal_00004_p01.jpg,data\pages\passport_normal\passport_normal_00004_p01.jpg,passport_normal_00004.pdf,passport_normal,pdf,1,2,1,0,gentle,aslessor_passport_0002.jpg
passport_normal_00004_p02.jpg,data\pages\filler_text\passport_normal_00004_p02.jpg,passport_normal_00004.pdf,filler_text,pdf,2,2,0,0,,
passport_edge_00005_p01.jpg,data\pages\passport_edge\passport_edge_00005_p01.jpg,passport_edge_00005.pdf,passport_edge,pdf,1,3,1,1,noise,aslessor_passport_0002.jpg
passport_edge_00005_p02.jpg,data\pages\filler_text\passport_edge_00005_p02.jpg,passport_edge_00005.pdf,filler_text,pdf,2,3,0,0,,
passport_edge_00005_p03.jpg,data\pages\filler_text\passport_edge_00005_p03.jpg,passport_edge_00005.pdf,filler_text,pdf,3,3,0,0,,
passport_normal_00006_p01.jpg,data\pages\filler_text\passport_normal_00006_p01.jpg,passport_normal_00006.pdf,filler_text,pdf,1,3,0,0,,
passport_normal_00006_p02.jpg,data\pages\passport_normal\passport_normal_00006_p02.jpg,passport_normal_00006.pdf,passport_normal,pdf,2,3,1,0,gentle,aslessor_passport_0003.jpg
passport_normal_00006_p03.jpg,data\pages\filler_text\passport_normal_00006_p03.jpg,passport_normal_00006.pdf,filler_text,pdf,3,3,0,0,,
passport_edge_00007_p01.jpg,data\pages\filler_text\passport_edge_00007_p01.jpg,passport_edge_00007.pdf,filler_text,pdf,1,4,0,0,,
passport_edge_00007_p02.jpg,data\pages\filler_text\passport_edge_00007_p02.jpg,passport_edge_00007.pdf,filler_text,pdf,2,4,0,0,,
passport_edge_00007_p03.jpg,data\pages\passport_edge\passport_edge_00007_p03.jpg,passport_edge_00007.pdf,passport_edge,pdf,3,4,1,1,pixelated,aslessor_passport_0003.jpg
passport_normal_00008_p01.jpg,data\pages\passport_normal\passport_normal_00008_p01.jpg,passport_normal_00008.docx,passport_normal,docx,1,2,1,0,gentle,aslessor_passport_0004.jpg
passport_normal_00008_p02.jpg,data\pages\filler_text\passport_normal_00008_p02.jpg,passport_normal_00008.docx,filler_text,docx,2,2,0,0,,
passport_edge_00009_p01.jpg,data\pages\passport_edge\passport_edge_00009_p01.jpg,passport_edge_00009.docx,passport_edge,docx,1,2,1,1,shadow,aslessor_passport_0004.jpg
passport_edge_00009_p02.jpg,data\pages\filler_text\passport_edge_00009_p02.jpg,passport_edge_00009.docx,filler_text,docx,2,2,0,0,,
passport_normal_00010_p01.jpg,data\pages\passport_normal\passport_normal_00010_p01.jpg,passport_normal_00010.pdf,passport_normal,pdf,1,3,1,0,gentle,aslessor_passport_0005.jpg
passport_normal_00010_p02.jpg,data\pages\filler_text\passport_normal_00010_p02.jpg,passport_normal_00010.pdf,filler_text,pdf,2,3,0,0,,
passport_normal_00010_p03.jpg,data\pages\filler_text\passport_normal_00010_p03.jpg,passport_normal_00010.pdf,filler_text,pdf,3,3,0,0,,
passport_edge_00011_p01.jpg,data\pages\passport_edge\passport_edge_00011_p01.jpg,passport_edge_00011.pdf,passport_edge,pdf,1,4,1,1,rotated,aslessor_passport_0005.jpg
passport_edge_00011_p02.jpg,data\pages\filler_text\passport_edge_00011_p02.jpg,passport_edge_00011.pdf,filler_text,pdf,2,4,0,0,,
passport_edge_00011_p03.jpg,data\pages\filler_text\passport_edge_00011_p03.jpg,passport_edge_00011.pdf,filler_text,pdf,3,4,0,0,,
passport_normal_00012_p01.jpg,data\pages\passport_normal\passport_normal_00012_p01.jpg,passport_normal_00012.pdf,passport_normal,pdf,1,3,1,0,gentle,aslessor_passport_0006.jpg
passport_normal_00012_p02.jpg,data\pages\filler_text\passport_normal_00012_p02.jpg,passport_normal_00012.pdf,filler_text,pdf,2,3,0,0,,
passport_normal_00012_p03.jpg,data\pages\filler_text\passport_normal_00012_p03.jpg,passport_normal_00012.pdf,filler_text,pdf,3,3,0,0,,
passport_edge_00013_p01.jpg,data\pages\filler_text\passport_edge_00013_p01.jpg,passport_edge_00013.docx,filler_text,docx,1,3,0,0,,
passport_edge_00013_p02.jpg,data\pages\passport_edge\passport_edge_00013_p02.jpg,passport_edge_00013.docx,passport_edge,docx,2,3,1,1,rotated,aslessor_passport_0006.jpg
passport_edge_00013_p03.jpg,data\pages\filler_text\passport_edge_00013_p03.jpg,passport_edge_00013.docx,filler_text,docx,3,3,0,0,,
passport_normal_00014_p01.jpg,data\pages\passport_normal\passport_normal_00014_p01.jpg,passport_normal_00014.pdf,passport_normal,pdf,1,3,1,0,gentle,aslessor_passport_0007.jpg
passport_normal_00014_p02.jpg,data\pages\filler_text\passport_normal_00014_p02.jpg,passport_normal_00014.pdf,filler_text,pdf,2,3,0,0,,
passport_normal_00014_p03.jpg,data\pages\filler_text\passport_normal_00014_p03.jpg,passport_normal_00014.pdf,filler_text,pdf,3,3,0,0,,
passport_edge_00015_p01.jpg,data\pages\filler_text\passport_edge_00015_p01.jpg,passport_edge_00015.pdf,filler_text,pdf,1,3,0,0,,
passport_edge_00015_p02.jpg,data\pages\filler_text\passport_edge_00015_p02.jpg,passport_edge_00015.pdf,filler_text,pdf,2,3,0,0,,
passport_edge_00015_p03.jpg,data\pages\passport_edge\passport_edge_00015_p03.jpg,passport_edge_00015.pdf,passport_edge,pdf,3,3,1,1,shadow,aslessor_passport_0007.jpg
passport_normal_00016_p01.jpg,data\pages\passport_normal\passport_normal_00016_p01.jpg,passport_normal_00016.docx,passport_normal,docx,1,2,1,0,gentle,aslessor_passport_0008.jpg
passport_normal_00016_p02.jpg,data\pages\filler_text\passport_normal_00016_p02.jpg,passport_normal_00016.docx,filler_text,docx,2,2,0,0,,
passport_edge_00017_p01.jpg,data\pages\filler_text\passport_edge_00017_p01.jpg,passport_edge_00017.pdf,filler_text,pdf,1,3,0,0,,
passport_edge_00017_p02.jpg,data\pages\passport_edge\passport_edge_00017_p02.jpg,passport_edge_00017.pdf,passport_edge,pdf,2,3,1,1,pixelated,aslessor_passport_0008.jpg
passport_edge_00017_p03.jpg,data\pages\filler_text\passport_edge_00017_p03.jpg,passport_edge_00017.pdf,filler_text,pdf,3,3,0,0,,
passport_normal_00018_p01.jpg,data\pages\filler_text\passport_normal_00018_p01.jpg,passport_normal_00018.docx,filler_text,docx,1,2,0,0,,
passport_normal_00018_p02.jpg,data\pages\passport_normal\passport_normal_00018_p02.jpg,passport_normal_00018.docx,passport_normal,docx,2,2,1,0,gentle,aslessor_passport_0009.jpg
passport_edge_00019_p01.jpg,data\pages\passport_edge\passport_edge_00019_p01.jpg,passport_edge_00019.docx,passport_edge,docx,1,3,1,1,rotated,aslessor_passport_0009.jpg
passport_edge_00019_p02.jpg,data\pages\filler_text\passport_edge_00019_p02.jpg,passport_edge_00019.docx,filler_text,docx,2,3,0,0,,
passport_edge_00019_p03.jpg,data\pages\filler_text\passport_edge_00019_p03.jpg,passport_edge_00019.docx,filler_text,docx,3,3,0,0,,
passport_normal_00020_p01.jpg,data\pages\filler_text\passport_normal_00020_p01.jpg,passport_normal_00020.pdf,filler_text,pdf,1,2,0,0,,
passport_normal_00020_p02.jpg,data\pages\passport_normal\passport_normal_00020_p02.jpg,passport_normal_00020.pdf,passport_normal,pdf,2,2,1,0,gentle,aslessor_passport_0010.jpg
passport_edge_00021_p01.jpg,data\pages\passport_edge\passport_edge_00021_p01.jpg,passport_edge_00021.pdf,passport_edge,pdf,1,2,1,1,blur,aslessor_passport_0010.jpg
passport_edge_00021_p02.jpg,data\pages\filler_text\passport_edge_00021_p02.jpg,passport_edge_00021.pdf,filler_text,pdf,2,2,0,0,,
passport_normal_00022_p01.jpg,data\pages\passport_normal\passport_normal_00022_p01.jpg,passport_normal_00022.pdf,passport_normal,pdf,1,4,1,0,gentle,aslessor_passport_0011.jpg
passport_normal_00022_p02.jpg,data\pages\filler_text\passport_normal_00022_p02.jpg,passport_normal_00022.pdf,filler_text,pdf,2,4,0,0,,
passport_normal_00022_p03.jpg,data\pages\filler_text\passport_normal_00022_p03.jpg,passport_normal_00022.pdf,filler_text,pdf,3,4,0,0,,
passport_edge_00023_p01.jpg,data\pages\passport_edge\passport_edge_00023_p01.jpg,passport_edge_00023.pdf,passport_edge,pdf,1,2,1,1,blur,aslessor_passport_0011.jpg
passport_edge_00023_p02.jpg,data\pages\filler_text\passport_edge_00023_p02.jpg,passport_edge_00023.pdf,filler_text,pdf,2,2,0,0,,
passport_normal_00024_p01.jpg,data\pages\filler_text\passport_normal_00024_p01.jpg,passport_normal_00024.pdf,filler_text,pdf,1,4,0,0,,
passport_normal_00024_p02.jpg,data\pages\filler_text\passport_normal_00024_p02.jpg,passport_normal_00024.pdf,filler_text,pdf,2,4,0,0,,
passport_normal_00024_p03.jpg,data\pages\passport_normal\passport_normal_00024_p03.jpg,passport_normal_00024.pdf,passport_normal,pdf,3,4,1,0,gentle,aslessor_passport_0012.jpg
passport_edge_00025_p01.jpg,data\pages\filler_text\passport_edge_00025_p01.jpg,passport_edge_00025.pdf,filler_text,pdf,1,2,0,0,,
passport_edge_00025_p02.jpg,data\pages\passport_edge\passport_edge_00025_p02.jpg,passport_edge_00025.pdf,passport_edge,pdf,2,2,1,1,shadow,aslessor_passport_0012.jpg
passport_normal_00026_p01.jpg,data\pages\passport_normal\passport_normal_00026_p01.jpg,passport_normal_00026.pdf,passport_normal,pdf,1,2,1,0,gentle,aslessor_passport_0013.jpg
passport_normal_00026_p02.jpg,data\pages\filler_text\passport_normal_00026_p02.jpg,passport_normal_00026.pdf,filler_text,pdf,2,2,0,0,,
passport_edge_00027_p01.jpg,data\pages\filler_text\passport_edge_00027_p01.jpg,passport_edge_00027.pdf,filler_text,pdf,1,2,0,0,,
passport_edge_00027_p02.jpg,data\pages\passport_edge\passport_edge_00027_p02.jpg,passport_edge_00027.pdf,passport_edge,pdf,2,2,1,1,rotated,aslessor_passport_0013.jpg
passport_normal_00028_p01.jpg,data\pages\filler_text\passport_normal_00028_p01.jpg,passport_normal_00028.docx,filler_text,docx,1,3,0,0,,
passport_normal_00028_p02.jpg,data\pages\passport_normal\passport_normal_00028_p02.jpg,passport_normal_00028.docx,passport_normal,docx,2,3,1,0,gentle,aslessor_passport_0014.jpg
passport_normal_00028_p03.jpg,data\pages\filler_text\passport_normal_00028_p03.jpg,passport_normal_00028.docx,filler_text,docx,3,3,0,0,,
passport_edge_00029_p01.jpg,data\pages\filler_text\passport_edge_00029_p01.jpg,passport_edge_00029.pdf,filler_text,pdf,1,4,0,0,,
passport_edge_00029_p02.jpg,data\pages\filler_text\passport_edge_00029_p02.jpg,passport_edge_00029.pdf,filler_text,pdf,2,4,0,0,,
passport_edge_00029_p04.jpg,data\pages\passport_edge\passport_edge_00029_p04.jpg,passport_edge_00029.pdf,passport_edge,pdf,4,4,1,1,shadow,aslessor_passport_0014.jpg
passport_normal_00030_p01.jpg,data\pages\passport_normal\passport_normal_00030_p01.jpg,passport_normal_00030.pdf,passport_normal,pdf,1,2,1,0,gentle,aslessor_passport_0015.jpg
passport_normal_00030_p02.jpg,data\pages\filler_text\passport_normal_00030_p02.jpg,passport_normal_00030.pdf,filler_text,pdf,2,2,0,0,,
passport_edge_00031_p01.jpg,data\pages\filler_text\passport_edge_00031_p01.jpg,passport_edge_00031.pdf,filler_text,pdf,1,4,0,0,,
passport_edge_00031_p02.jpg,data\pages\filler_text\passport_edge_00031_p02.jpg,passport_edge_00031.pdf,filler_text,pdf,2,4,0,0,,
passport_edge_00031_p03.jpg,data\pages\passport_edge\passport_edge_00031_p03.jpg,passport_edge_00031.pdf,passport_edge,pdf,3,4,1,1,shadow,aslessor_passport_0015.jpg
passport_normal_00032_p01.jpg,data\pages\filler_text\passport_normal_00032_p01.jpg,passport_normal_00032.docx,filler_text,docx,1,3,0,0,,
passport_normal_00032_p02.jpg,data\pages\passport_normal\passport_normal_00032_p02.jpg,passport_normal_00032.docx,passport_normal,docx,2,3,1,0,none,aslessor_passport_0016.jpg
passport_normal_00032_p03.jpg,data\pages\filler_text\passport_normal_00032_p03.jpg,passport_normal_00032.docx,filler_text,docx,3,3,0,0,,
passport_edge_00033_p01.jpg,data\pages\filler_text\passport_edge_00033_p01.jpg,passport_edge_00033.pdf,filler_text,pdf,1,4,0,0,,
passport_edge_00033_p02.jpg,data\pages\passport_edge\passport_edge_00033_p02.jpg,passport_edge_00033.pdf,passport_edge,pdf,2,4,1,1,noise,aslessor_passport_0016.jpg
passport_edge_00033_p03.jpg,data\pages\filler_text\passport_edge_00033_p03.jpg,passport_edge_00033.pdf,filler_text,pdf,3,4,0,0,,
passport_normal_00034_p01.jpg,data\pages\filler_text\passport_normal_00034_p01.jpg,passport_normal_00034.docx,filler_text,docx,1,2,0,0,,
passport_normal_00034_p02.jpg,data\pages\passport_normal\passport_normal_00034_p02.jpg,passport_normal_00034.docx,passport_normal,docx,2,2,1,0,gentle,aslessor_passport_0017.jpg
passport_edge_00035_p01.jpg,data\pages\filler_text\passport_edge_00035_p01.jpg,passport_edge_00035.pdf,filler_text,pdf,1,2,0,0,,
passport_edge_00035_p02.jpg,data\pages\passport_edge\passport_edge_00035_p02.jpg,passport_edge_00035.pdf,passport_edge,pdf,2,2,1,1,noise,aslessor_passport_0017.jpg
passport_normal_00036_p01.jpg,data\pages\filler_text\passport_normal_00036_p01.jpg,passport_normal_00036.pdf,filler_text,pdf,1,3,0,0,,
passport_normal_00036_p02.jpg,data\pages\passport_normal\passport_normal_00036_p02.jpg,passport_normal_00036.pdf,passport_normal,pdf,2,3,1,0,gentle,aslessor_passport_0018.jpg
passport_normal_00036_p03.jpg,data\pages\filler_text\passport_normal_00036_p03.jpg,passport_normal_00036.pdf,filler_text,pdf,3,3,0,0,,
passport_edge_00037_p01.jpg,data\pages\passport_edge\passport_edge_00037_p01.jpg,passport_edge_00037.docx,passport_edge,docx,1,2,1,1,photocopy,aslessor_passport_0018.jpg
passport_edge_00037_p02.jpg,data\pages\filler_text\passport_edge_00037_p02.jpg,passport_edge_00037.docx,filler_text,docx,2,2,0,0,,
passport_normal_00038_p01.jpg,data\pages\filler_text\passport_normal_00038_p01.jpg,passport_normal_00038.pdf,filler_text,pdf,1,2,0,0,,
passport_normal_00038_p02.jpg,data\pages\passport_normal\passport_normal_00038_p02.jpg,passport_normal_00038.pdf,passport_normal,pdf,2,2,1,0,none,aslessor_passport_0019.jpg
passport_edge_00039_p01.jpg,data\pages\filler_text\passport_edge_00039_p01.jpg,passport_edge_00039.pdf,filler_text,pdf,1,4,0,0,,
passport_edge_00039_p02.jpg,data\pages\filler_text\passport_edge_00039_p02.jpg,passport_edge_00039.pdf,filler_text,pdf,2,4,0,0,,
passport_edge_00039_p03.jpg,data\pages\passport_edge\passport_edge_00039_p03.jpg,passport_edge_00039.pdf,passport_edge,pdf,3,4,1,1,shadow,aslessor_passport_0019.jpg
passport_normal_00040_p01.jpg,data\pages\filler_text\passport_normal_00040_p01.jpg,passport_normal_00040.pdf,filler_text,pdf,1,2,0,0,,
passport_normal_00040_p02.jpg,data\pages\passport_normal\passport_normal_00040_p02.jpg,passport_normal_00040.pdf,passport_normal,pdf,2,2,1,0,gentle,aslessor_passport_0020.jpg
passport_edge_00041_p01.jpg,data\pages\filler_text\passport_edge_00041_p01.jpg,passport_edge_00041.pdf,filler_text,pdf,1,3,0,0,,
passport_edge_00041_p02.jpg,data\pages\filler_text\passport_edge_00041_p02.jpg,passport_edge_00041.pdf,filler_text,pdf,2,3,0,0,,
passport_edge_00041_p03.jpg,data\pages\passport_edge\passport_edge_00041_p03.jpg,passport_edge_00041.pdf,passport_edge,pdf,3,3,1,1,noise,aslessor_passport_0020.jpg
passport_normal_00042_p01.jpg,data\pages\filler_text\passport_normal_00042_p01.jpg,passport_normal_00042.pdf,filler_text,pdf,1,3,0,0,,
passport_normal_00042_p02.jpg,data\pages\filler_text\passport_normal_00042_p02.jpg,passport_normal_00042.pdf,filler_text,pdf,2,3,0,0,,
passport_normal_00042_p03.jpg,data\pages\passport_normal\passport_normal_00042_p03.jpg,passport_normal_00042.pdf,passport_normal,pdf,3,3,1,0,none,aslessor_passport_0021.jpg
passport_edge_00043_p01.jpg,data\pages\filler_text\passport_edge_00043_p01.jpg,passport_edge_00043.pdf,filler_text,pdf,1,2,0,0,,
passport_edge_00043_p02.jpg,data\pages\passport_edge\passport_edge_00043_p02.jpg,passport_edge_00043.pdf,passport_edge,pdf,2,2,1,1,pixelated,aslessor_passport_0021.jpg
passport_normal_00044_p01.jpg,data\pages\passport_normal\passport_normal_00044_p01.jpg,passport_normal_00044.docx,passport_normal,docx,1,2,1,0,none,aslessor_passport_0022.jpg
passport_normal_00044_p02.jpg,data\pages\filler_text\passport_normal_00044_p02.jpg,passport_normal_00044.docx,filler_text,docx,2,2,0,0,,
passport_edge_00045_p01.jpg,data\pages\filler_text\passport_edge_00045_p01.jpg,passport_edge_00045.pdf,filler_text,pdf,1,3,0,0,,
passport_edge_00045_p02.jpg,data\pages\filler_text\passport_edge_00045_p02.jpg,passport_edge_00045.pdf,filler_text,pdf,2,3,0,0,,
passport_edge_00045_p03.jpg,data\pages\passport_edge\passport_edge_00045_p03.jpg,passport_edge_00045.pdf,passport_edge,pdf,3,3,1,1,blur,aslessor_passport_0022.jpg
passport_normal_00046_p01.jpg,data\pages\passport_normal\passport_normal_00046_p01.jpg,passport_normal_00046.docx,passport_normal,docx,1,2,1,0,gentle,aslessor_passport_0023.jpg
passport_normal_00046_p02.jpg,data\pages\filler_text\passport_normal_00046_p02.jpg,passport_normal_00046.docx,filler_text,docx,2,2,0,0,,
passport_edge_00047_p01.jpg,data\pages\filler_text\passport_edge_00047_p01.jpg,passport_edge_00047.docx,filler_text,docx,1,2,0,0,,
passport_edge_00047_p02.jpg,data\pages\passport_edge\passport_edge_00047_p02.jpg,passport_edge_00047.docx,passport_edge,docx,2,2,1,1,pixelated,aslessor_passport_0023.jpg
passport_normal_00048_p01.jpg,data\pages\passport_normal\passport_normal_00048_p01.jpg,passport_normal_00048.pdf,passport_normal,pdf,1,2,1,0,gentle,aslessor_passport_0024.jpg
passport_normal_00048_p02.jpg,data\pages\filler_text\passport_normal_00048_p02.jpg,passport_normal_00048.pdf,filler_text,pdf,2,2,0,0,,
passport_edge_00049_p01.jpg,data\pages\filler_text\passport_edge_00049_p01.jpg,passport_edge_00049.pdf,filler_text,pdf,1,2,0,0,,
passport_edge_00049_p02.jpg,data\pages\passport_edge\passport_edge_00049_p02.jpg,passport_edge_00049.pdf,passport_edge,pdf,2,2,1,1,pixelated,aslessor_passport_0024.jpg
passport_normal_00050_p01.jpg,data\pages\filler_text\passport_normal_00050_p01.jpg,passport_normal_00050.pdf,filler_text,pdf,1,2,0,0,,
passport_normal_00050_p02.jpg,data\pages\passport_normal\passport_normal_00050_p02.jpg,passport_normal_00050.pdf,passport_normal,pdf,2,2,1,0,gentle,aslessor_passport_0025.jpg
passport_edge_00051_p01.jpg,data\pages\filler_text\passport_edge_00051_p01.jpg,passport_edge_00051.pdf,filler_text,pdf,1,2,0,0,,
passport_edge_00051_p02.jpg,data\pages\passport_edge\passport_edge_00051_p02.jpg,passport_edge_00051.pdf,passport_edge,pdf,2,2,1,1,pixelated,aslessor_passport_0025.jpg
passport_normal_00052_p01.jpg,data\pages\filler_text\passport_normal_00052_p01.jpg,passport_normal_00052.pdf,filler_text,pdf,1,2,0,0,,
passport_normal_00052_p02.jpg,data\pages\passport_normal\passport_normal_00052_p02.jpg,passport_normal_00052.pdf,passport_normal,pdf,2,2,1,0,none,aslessor_passport_0026.jpg
passport_edge_00053_p01.jpg,data\pages\filler_text\passport_edge_00053_p01.jpg,passport_edge_00053.docx,filler_text,docx,1,3,0,0,,
passport_edge_00053_p02.jpg,data\pages\filler_text\passport_edge_00053_p02.jpg,passport_edge_00053.docx,filler_text,docx,2,3,0,0,,
passport_edge_00053_p03.jpg,data\pages\passport_edge\passport_edge_00053_p03.jpg,passport_edge_00053.docx,passport_edge,docx,3,3,1,1,shadow,aslessor_passport_0026.jpg
passport_normal_00054_p01.jpg,data\pages\passport_normal\passport_normal_00054_p01.jpg,passport_normal_00054.pdf,passport_normal,pdf,1,3,1,0,gentle,aslessor_passport_0027.jpg
passport_normal_00054_p02.jpg,data\pages\filler_text\passport_normal_00054_p02.jpg,passport_normal_00054.pdf,filler_text,pdf,2,3,0,0,,
passport_normal_00054_p03.jpg,data\pages\filler_text\passport_normal_00054_p03.jpg,passport_normal_00054.pdf,filler_text,pdf,3,3,0,0,,
passport_edge_00055_p01.jpg,data\pages\filler_text\passport_edge_00055_p01.jpg,passport_edge_00055.pdf,filler_text,pdf,1,3,0,0,,
passport_edge_00055_p02.jpg,data\pages\passport_edge\passport_edge_00055_p02.jpg,passport_edge_00055.pdf,passport_edge,pdf,2,3,1,1,pixelated,aslessor_passport_0027.jpg
passport_edge_00055_p03.jpg,data\pages\filler_text\passport_edge_00055_p03.jpg,passport_edge_00055.pdf,filler_text,pdf,3,3,0,0,,
passport_normal_00056_p01.jpg,data\pages\passport_normal\passport_normal_00056_p01.jpg,passport_normal_00056.docx,passport_normal,docx,1,2,1,0,gentle,aslessor_passport_0028.jpg
passport_normal_00056_p02.jpg,data\pages\filler_text\passport_normal_00056_p02.jpg,passport_normal_00056.docx,filler_text,docx,2,2,0,0,,
passport_edge_00057_p01.jpg,data\pages\passport_edge\passport_edge_00057_p01.jpg,passport_edge_00057.pdf,passport_edge,pdf,1,4,1,1,blur,aslessor_passport_0028.jpg
passport_edge_00057_p02.jpg,data\pages\filler_text\passport_edge_00057_p02.jpg,passport_edge_00057.pdf,filler_text,pdf,2,4,0,0,,
passport_edge_00057_p03.jpg,data\pages\filler_text\passport_edge_00057_p03.jpg,passport_edge_00057.pdf,filler_text,pdf,3,4,0,0,,
passport_normal_00058_p01.jpg,data\pages\filler_text\passport_normal_00058_p01.jpg,passport_normal_00058.docx,filler_text,docx,1,2,0,0,,
passport_normal_00058_p02.jpg,data\pages\passport_normal\passport_normal_00058_p02.jpg,passport_normal_00058.docx,passport_normal,docx,2,2,1,0,gentle,aslessor_passport_0029.jpg
passport_edge_00059_p01.jpg,data\pages\filler_text\passport_edge_00059_p01.jpg,passport_edge_00059.docx,filler_text,docx,1,2,0,0,,
passport_edge_00059_p02.jpg,data\pages\passport_edge\passport_edge_00059_p02.jpg,passport_edge_00059.docx,passport_edge,docx,2,2,1,1,rotated,aslessor_passport_0029.jpg
passport_normal_00060_p01.jpg,data\pages\passport_normal\passport_normal_00060_p01.jpg,passport_normal_00060.pdf,passport_normal,pdf,1,3,1,0,none,aslessor_passport_0030.jpg
passport_normal_00060_p02.jpg,data\pages\filler_text\passport_normal_00060_p02.jpg,passport_normal_00060.pdf,filler_text,pdf,2,3,0,0,,
passport_normal_00060_p03.jpg,data\pages\filler_text\passport_normal_00060_p03.jpg,passport_normal_00060.pdf,filler_text,pdf,3,3,0,0,,
passport_edge_00061_p01.jpg,data\pages\filler_text\passport_edge_00061_p01.jpg,passport_edge_00061.pdf,filler_text,pdf,1,4,0,0,,
passport_edge_00061_p02.jpg,data\pages\filler_text\passport_edge_00061_p02.jpg,passport_edge_00061.pdf,filler_text,pdf,2,4,0,0,,
passport_edge_00061_p04.jpg,data\pages\passport_edge\passport_edge_00061_p04.jpg,passport_edge_00061.pdf,passport_edge,pdf,4,4,1,1,pixelated,aslessor_passport_0030.jpg
passport_normal_00062_p01.jpg,data\pages\filler_text\passport_normal_00062_p01.jpg,passport_normal_00062.pdf,filler_text,pdf,1,3,0,0,,
passport_normal_00062_p02.jpg,data\pages\filler_text\passport_normal_00062_p02.jpg,passport_normal_00062.pdf,filler_text,pdf,2,3,0,0,,
passport_normal_00062_p03.jpg,data\pages\passport_normal\passport_normal_00062_p03.jpg,passport_normal_00062.pdf,passport_normal,pdf,3,3,1,0,none,aslessor_passport_0031.jpg
passport_edge_00063_p01.jpg,data\pages\passport_edge\passport_edge_00063_p01.jpg,passport_edge_00063.pdf,passport_edge,pdf,1,3,1,1,photocopy,aslessor_passport_0031.jpg
passport_edge_00063_p02.jpg,data\pages\filler_text\passport_edge_00063_p02.jpg,passport_edge_00063.pdf,filler_text,pdf,2,3,0,0,,
passport_edge_00063_p03.jpg,data\pages\filler_text\passport_edge_00063_p03.jpg,passport_edge_00063.pdf,filler_text,pdf,3,3,0,0,,
passport_normal_00064_p01.jpg,data\pages\filler_text\passport_normal_00064_p01.jpg,passport_normal_00064.pdf,filler_text,pdf,1,4,0,0,,
passport_normal_00064_p02.jpg,data\pages\filler_text\passport_normal_00064_p02.jpg,passport_normal_00064.pdf,filler_text,pdf,2,4,0,0,,
passport_normal_00064_p03.jpg,data\pages\passport_normal\passport_normal_00064_p03.jpg,passport_normal_00064.pdf,passport_normal,pdf,3,4,1,0,gentle,aslessor_passport_0032.jpg
passport_edge_00065_p01.jpg,data\pages\filler_text\passport_edge_00065_p01.jpg,passport_edge_00065.docx,filler_text,docx,1,3,0,0,,
passport_edge_00065_p02.jpg,data\pages\filler_text\passport_edge_00065_p02.jpg,passport_edge_00065.docx,filler_text,docx,2,3,0,0,,
passport_edge_00065_p03.jpg,data\pages\passport_edge\passport_edge_00065_p03.jpg,passport_edge_00065.docx,passport_edge,docx,3,3,1,1,photocopy,aslessor_passport_0032.jpg
passport_normal_00066_p01.jpg,data\pages\passport_normal\passport_normal_00066_p01.jpg,passport_normal_00066.docx,passport_normal,docx,1,3,1,0,none,aslessor_passport_0033.jpg
passport_normal_00066_p02.jpg,data\pages\filler_text\passport_normal_00066_p02.jpg,passport_normal_00066.docx,filler_text,docx,2,3,0,0,,
passport_normal_00066_p03.jpg,data\pages\filler_text\passport_normal_00066_p03.jpg,passport_normal_00066.docx,filler_text,docx,3,3,0,0,,
passport_edge_00067_p01.jpg,data\pages\passport_edge\passport_edge_00067_p01.jpg,passport_edge_00067.pdf,passport_edge,pdf,1,4,1,1,rotated,aslessor_passport_0033.jpg
passport_edge_00067_p02.jpg,data\pages\filler_text\passport_edge_00067_p02.jpg,passport_edge_00067.pdf,filler_text,pdf,2,4,0,0,,
passport_edge_00067_p03.jpg,data\pages\filler_text\passport_edge_00067_p03.jpg,passport_edge_00067.pdf,filler_text,pdf,3,4,0,0,,
passport_normal_00068_p01.jpg,data\pages\passport_normal\passport_normal_00068_p01.jpg,passport_normal_00068.docx,passport_normal,docx,1,2,1,0,none,aslessor_passport_0034.jpg
passport_normal_00068_p02.jpg,data\pages\filler_text\passport_normal_00068_p02.jpg,passport_normal_00068.docx,filler_text,docx,2,2,0,0,,
passport_edge_00069_p01.jpg,data\pages\filler_text\passport_edge_00069_p01.jpg,passport_edge_00069.pdf,filler_text,pdf,1,4,0,0,,
passport_edge_00069_p02.jpg,data\pages\passport_edge\passport_edge_00069_p02.jpg,passport_edge_00069.pdf,passport_edge,pdf,2,4,1,1,photocopy,aslessor_passport_0034.jpg
passport_edge_00069_p03.jpg,data\pages\filler_text\passport_edge_00069_p03.jpg,passport_edge_00069.pdf,filler_text,pdf,3,4,0,0,,
passport_normal_00070_p01.jpg,data\pages\filler_text\passport_normal_00070_p01.jpg,passport_normal_00070.pdf,filler_text,pdf,1,2,0,0,,
passport_normal_00070_p02.jpg,data\pages\passport_normal\passport_normal_00070_p02.jpg,passport_normal_00070.pdf,passport_normal,pdf,2,2,1,0,gentle,aslessor_passport_0035.jpg
passport_edge_00071_p01.jpg,data\pages\filler_text\passport_edge_00071_p01.jpg,passport_edge_00071.pdf,filler_text,pdf,1,3,0,0,,
passport_edge_00071_p02.jpg,data\pages\passport_edge\passport_edge_00071_p02.jpg,passport_edge_00071.pdf,passport_edge,pdf,2,3,1,1,blur,aslessor_passport_0035.jpg
passport_edge_00071_p03.jpg,data\pages\filler_text\passport_edge_00071_p03.jpg,passport_edge_00071.pdf,filler_text,pdf,3,3,0,0,,
passport_normal_00072_p01.jpg,data\pages\passport_normal\passport_normal_00072_p01.jpg,passport_normal_00072.pdf,passport_normal,pdf,1,2,1,0,none,aslessor_passport_0036.jpg
passport_normal_00072_p02.jpg,data\pages\filler_text\passport_normal_00072_p02.jpg,passport_normal_00072.pdf,filler_text,pdf,2,2,0,0,,
passport_edge_00073_p01.jpg,data\pages\passport_edge\passport_edge_00073_p01.jpg,passport_edge_00073.pdf,passport_edge,pdf,1,3,1,1,blur,aslessor_passport_0036.jpg
passport_edge_00073_p02.jpg,data\pages\filler_text\passport_edge_00073_p02.jpg,passport_edge_00073.pdf,filler_text,pdf,2,3,0,0,,
passport_edge_00073_p03.jpg,data\pages\filler_text\passport_edge_00073_p03.jpg,passport_edge_00073.pdf,filler_text,pdf,3,3,0,0,,
passport_normal_00074_p01.jpg,data\pages\passport_normal\passport_normal_00074_p01.jpg,passport_normal_00074.pdf,passport_normal,pdf,1,3,1,0,gentle,aslessor_passport_0037.jpg
passport_normal_00074_p02.jpg,data\pages\filler_text\passport_normal_00074_p02.jpg,passport_normal_00074.pdf,filler_text,pdf,2,3,0,0,,
passport_normal_00074_p03.jpg,data\pages\filler_text\passport_normal_00074_p03.jpg,passport_normal_00074.pdf,filler_text,pdf,3,3,0,0,,
passport_edge_00075_p01.jpg,data\pages\filler_text\passport_edge_00075_p01.jpg,passport_edge_00075.pdf,filler_text,pdf,1,3,0,0,,
passport_edge_00075_p02.jpg,data\pages\passport_edge\passport_edge_00075_p02.jpg,passport_edge_00075.pdf,passport_edge,pdf,2,3,1,1,shadow,aslessor_passport_0037.jpg
passport_edge_00075_p03.jpg,data\pages\filler_text\passport_edge_00075_p03.jpg,passport_edge_00075.pdf,filler_text,pdf,3,3,0,0,,
passport_normal_00076_p01.jpg,data\pages\passport_normal\passport_normal_00076_p01.jpg,passport_normal_00076.docx,passport_normal,docx,1,2,1,0,gentle,aslessor_passport_0038.jpg
passport_normal_00076_p02.jpg,data\pages\filler_text\passport_normal_00076_p02.jpg,passport_normal_00076.docx,filler_text,docx,2,2,0,0,,
passport_edge_00077_p01.jpg,data\pages\passport_edge\passport_edge_00077_p01.jpg,passport_edge_00077.pdf,passport_edge,pdf,1,2,1,1,shadow,aslessor_passport_0038.jpg
passport_edge_00077_p02.jpg,data\pages\filler_text\passport_edge_00077_p02.jpg,passport_edge_00077.pdf,filler_text,pdf,2,2,0,0,,
passport_normal_00078_p01.jpg,data\pages\filler_text\passport_normal_00078_p01.jpg,passport_normal_00078.pdf,filler_text,pdf,1,4,0,0,,
passport_normal_00078_p02.jpg,data\pages\filler_text\passport_normal_00078_p02.jpg,passport_normal_00078.pdf,filler_text,pdf,2,4,0,0,,
passport_normal_00078_p03.jpg,data\pages\passport_normal\passport_normal_00078_p03.jpg,passport_normal_00078.pdf,passport_normal,pdf,3,4,1,0,none,aslessor_passport_0039.jpg
passport_edge_00079_p01.jpg,data\pages\filler_text\passport_edge_00079_p01.jpg,passport_edge_00079.pdf,filler_text,pdf,1,3,0,0,,
passport_edge_00079_p02.jpg,data\pages\passport_edge\passport_edge_00079_p02.jpg,passport_edge_00079.pdf,passport_edge,pdf,2,3,1,1,pixelated,aslessor_passport_0039.jpg
passport_edge_00079_p03.jpg,data\pages\filler_text\passport_edge_00079_p03.jpg,passport_edge_00079.pdf,filler_text,pdf,3,3,0,0,,
passport_normal_00080_p01.jpg,data\pages\passport_normal\passport_normal_00080_p01.jpg,passport_normal_00080.docx,passport_normal,docx,1,2,1,0,gentle,aslessor_passport_0040.jpg
passport_normal_00080_p02.jpg,data\pages\filler_text\passport_normal_00080_p02.jpg,passport_normal_00080.docx,filler_text,docx,2,2,0,0,,
passport_edge_00081_p01.jpg,data\pages\filler_text\passport_edge_00081_p01.jpg,passport_edge_00081.pdf,filler_text,pdf,1,2,0,0,,
passport_edge_00081_p02.jpg,data\pages\passport_edge\passport_edge_00081_p02.jpg,passport_edge_00081.pdf,passport_edge,pdf,2,2,1,1,photocopy,aslessor_passport_0040.jpg
passport_normal_00082_p01.jpg,data\pages\passport_normal\passport_normal_00082_p01.jpg,passport_normal_00082.pdf,passport_normal,pdf,1,2,1,0,gentle,aslessor_passport_0041.jpg
passport_normal_00082_p02.jpg,data\pages\filler_text\passport_normal_00082_p02.jpg,passport_normal_00082.pdf,filler_text,pdf,2,2,0,0,,
passport_edge_00083_p01.jpg,data\pages\passport_edge\passport_edge_00083_p01.jpg,passport_edge_00083.pdf,passport_edge,pdf,1,2,1,1,noise,aslessor_passport_0041.jpg
passport_edge_00083_p02.jpg,data\pages\filler_text\passport_edge_00083_p02.jpg,passport_edge_00083.pdf,filler_text,pdf,2,2,0,0,,
passport_normal_00084_p01.jpg,data\pages\filler_text\passport_normal_00084_p01.jpg,passport_normal_00084.pdf,filler_text,pdf,1,2,0,0,,
passport_normal_00084_p02.jpg,data\pages\passport_normal\passport_normal_00084_p02.jpg,passport_normal_00084.pdf,passport_normal,pdf,2,2,1,0,gentle,aslessor_passport_0042.jpg
passport_edge_00085_p01.jpg,data\pages\passport_edge\passport_edge_00085_p01.jpg,passport_edge_00085.docx,passport_edge,docx,1,2,1,1,pixelated,aslessor_passport_0042.jpg
passport_edge_00085_p02.jpg,data\pages\filler_text\passport_edge_00085_p02.jpg,passport_edge_00085.docx,filler_text,docx,2,2,0,0,,
passport_normal_00086_p01.jpg,data\pages\filler_text\passport_normal_00086_p01.jpg,passport_normal_00086.pdf,filler_text,pdf,1,4,0,0,,
passport_normal_00086_p02.jpg,data\pages\passport_normal\passport_normal_00086_p02.jpg,passport_normal_00086.pdf,passport_normal,pdf,2,4,1,0,gentle,aslessor_passport_0043.jpg
passport_normal_00086_p03.jpg,data\pages\filler_text\passport_normal_00086_p03.jpg,passport_normal_00086.pdf,filler_text,pdf,3,4,0,0,,
passport_edge_00087_p01.jpg,data\pages\filler_text\passport_edge_00087_p01.jpg,passport_edge_00087.pdf,filler_text,pdf,1,4,0,0,,
passport_edge_00087_p02.jpg,data\pages\filler_text\passport_edge_00087_p02.jpg,passport_edge_00087.pdf,filler_text,pdf,2,4,0,0,,
passport_edge_00087_p03.jpg,data\pages\passport_edge\passport_edge_00087_p03.jpg,passport_edge_00087.pdf,passport_edge,pdf,3,4,1,1,photocopy,aslessor_passport_0043.jpg
passport_normal_00088_p01.jpg,data\pages\passport_normal\passport_normal_00088_p01.jpg,passport_normal_00088.docx,passport_normal,docx,1,2,1,0,gentle,aslessor_passport_0044.jpg
passport_normal_00088_p02.jpg,data\pages\filler_text\passport_normal_00088_p02.jpg,passport_normal_00088.docx,filler_text,docx,2,2,0,0,,
passport_edge_00089_p01.jpg,data\pages\filler_text\passport_edge_00089_p01.jpg,passport_edge_00089.pdf,filler_text,pdf,1,3,0,0,,
passport_edge_00089_p02.jpg,data\pages\filler_text\passport_edge_00089_p02.jpg,passport_edge_00089.pdf,filler_text,pdf,2,3,0,0,,
passport_edge_00089_p03.jpg,data\pages\passport_edge\passport_edge_00089_p03.jpg,passport_edge_00089.pdf,passport_edge,pdf,3,3,1,1,shadow,aslessor_passport_0044.jpg
passport_normal_00090_p01.jpg,data\pages\filler_text\passport_normal_00090_p01.jpg,passport_normal_00090.pdf,filler_text,pdf,1,2,0,0,,
passport_normal_00090_p02.jpg,data\pages\passport_normal\passport_normal_00090_p02.jpg,passport_normal_00090.pdf,passport_normal,pdf,2,2,1,0,none,aslessor_passport_0045.jpg
passport_edge_00091_p01.jpg,data\pages\filler_text\passport_edge_00091_p01.jpg,passport_edge_00091.pdf,filler_text,pdf,1,3,0,0,,
passport_edge_00091_p02.jpg,data\pages\filler_text\passport_edge_00091_p02.jpg,passport_edge_00091.pdf,filler_text,pdf,2,3,0,0,,
passport_edge_00091_p03.jpg,data\pages\passport_edge\passport_edge_00091_p03.jpg,passport_edge_00091.pdf,passport_edge,pdf,3,3,1,1,rotated,aslessor_passport_0045.jpg
passport_normal_00092_p01.jpg,data\pages\filler_text\passport_normal_00092_p01.jpg,passport_normal_00092.pdf,filler_text,pdf,1,4,0,0,,
passport_normal_00092_p02.jpg,data\pages\filler_text\passport_normal_00092_p02.jpg,passport_normal_00092.pdf,filler_text,pdf,2,4,0,0,,
passport_normal_00092_p04.jpg,data\pages\passport_normal\passport_normal_00092_p04.jpg,passport_normal_00092.pdf,passport_normal,pdf,4,4,1,0,gentle,aslessor_passport_0046.jpg
passport_edge_00093_p01.jpg,data\pages\passport_edge\passport_edge_00093_p01.jpg,passport_edge_00093.pdf,passport_edge,pdf,1,3,1,1,rotated,aslessor_passport_0046.jpg
passport_edge_00093_p02.jpg,data\pages\filler_text\passport_edge_00093_p02.jpg,passport_edge_00093.pdf,filler_text,pdf,2,3,0,0,,
passport_edge_00093_p03.jpg,data\pages\filler_text\passport_edge_00093_p03.jpg,passport_edge_00093.pdf,filler_text,pdf,3,3,0,0,,
passport_normal_00094_p01.jpg,data\pages\filler_text\passport_normal_00094_p01.jpg,passport_normal_00094.docx,filler_text,docx,1,2,0,0,,
passport_normal_00094_p02.jpg,data\pages\passport_normal\passport_normal_00094_p02.jpg,passport_normal_00094.docx,passport_normal,docx,2,2,1,0,gentle,aslessor_passport_0047.jpg
passport_edge_00095_p01.jpg,data\pages\filler_text\passport_edge_00095_p01.jpg,passport_edge_00095.pdf,filler_text,pdf,1,4,0,0,,
passport_edge_00095_p02.jpg,data\pages\filler_text\passport_edge_00095_p02.jpg,passport_edge_00095.pdf,filler_text,pdf,2,4,0,0,,
passport_edge_00095_p03.jpg,data\pages\passport_edge\passport_edge_00095_p03.jpg,passport_edge_00095.pdf,passport_edge,pdf,3,4,1,1,rotated,aslessor_passport_0047.jpg
passport_normal_00096_p01.jpg,data\pages\filler_text\passport_normal_00096_p01.jpg,passport_normal_00096.pdf,filler_text,pdf,1,2,0,0,,
passport_normal_00096_p02.jpg,data\pages\passport_normal\passport_normal_00096_p02.jpg,passport_normal_00096.pdf,passport_normal,pdf,2,2,1,0,gentle,aslessor_passport_0048.jpg
passport_edge_00097_p01.jpg,data\pages\passport_edge\passport_edge_00097_p01.jpg,passport_edge_00097.pdf,passport_edge,pdf,1,2,1,1,photocopy,aslessor_passport_0048.jpg
passport_edge_00097_p02.jpg,data\pages\filler_text\passport_edge_00097_p02.jpg,passport_edge_00097.pdf,filler_text,pdf,2,2,0,0,,
passport_normal_00098_p01.jpg,data\pages\filler_text\passport_normal_00098_p01.jpg,passport_normal_00098.docx,filler_text,docx,1,2,0,0,,
passport_normal_00098_p02.jpg,data\pages\passport_normal\passport_normal_00098_p02.jpg,passport_normal_00098.docx,passport_normal,docx,2,2,1,0,gentle,aslessor_passport_0049.jpg
passport_edge_00099_p01.jpg,data\pages\filler_text\passport_edge_00099_p01.jpg,passport_edge_00099.pdf,filler_text,pdf,1,3,0,0,,
passport_edge_00099_p02.jpg,data\pages\passport_edge\passport_edge_00099_p02.jpg,passport_edge_00099.pdf,passport_edge,pdf,2,3,1,1,pixelated,aslessor_passport_0049.jpg
passport_edge_00099_p03.jpg,data\pages\filler_text\passport_edge_00099_p03.jpg,passport_edge_00099.pdf,filler_text,pdf,3,3,0,0,,
passport_normal_00100_p01.jpg,data\pages\passport_normal\passport_normal_00100_p01.jpg,passport_normal_00100.docx,passport_normal,docx,1,2,1,0,gentle,aslessor_passport_0050.jpg
passport_normal_00100_p02.jpg,data\pages\filler_text\passport_normal_00100_p02.jpg,passport_normal_00100.docx,filler_text,docx,2,2,0,0,,
passport_edge_00101_p01.jpg,data\pages\filler_text\passport_edge_00101_p01.jpg,passport_edge_00101.pdf,filler_text,pdf,1,3,0,0,,
passport_edge_00101_p02.jpg,data\pages\filler_text\passport_edge_00101_p02.jpg,passport_edge_00101.pdf,filler_text,pdf,2,3,0,0,,
passport_edge_00101_p03.jpg,data\pages\passport_edge\passport_edge_00101_p03.jpg,passport_edge_00101.pdf,passport_edge,pdf,3,3,1,1,shadow,aslessor_passport_0050.jpg
passport_normal_00102_p01.jpg,data\pages\passport_normal\passport_normal_00102_p01.jpg,passport_normal_00102.pdf,passport_normal,pdf,1,2,1,0,gentle,aslessor_passport_0051.jpg
passport_normal_00102_p02.jpg,data\pages\filler_text\passport_normal_00102_p02.jpg,passport_normal_00102.pdf,filler_text,pdf,2,2,0,0,,
passport_edge_00103_p01.jpg,data\pages\filler_text\passport_edge_00103_p01.jpg,passport_edge_00103.pdf,filler_text,pdf,1,4,0,0,,
passport_edge_00103_p02.jpg,data\pages\filler_text\passport_edge_00103_p02.jpg,passport_edge_00103.pdf,filler_text,pdf,2,4,0,0,,
passport_edge_00103_p04.jpg,data\pages\passport_edge\passport_edge_00103_p04.jpg,passport_edge_00103.pdf,passport_edge,pdf,4,4,1,1,rotated,aslessor_passport_0051.jpg
passport_normal_00104_p01.jpg,data\pages\filler_text\passport_normal_00104_p01.jpg,passport_normal_00104.pdf,filler_text,pdf,1,2,0,0,,
passport_normal_00104_p02.jpg,data\pages\passport_normal\passport_normal_00104_p02.jpg,passport_normal_00104.pdf,passport_normal,pdf,2,2,1,0,gentle,aslessor_passport_0052.jpg
passport_edge_00105_p01.jpg,data\pages\filler_text\passport_edge_00105_p01.jpg,passport_edge_00105.pdf,filler_text,pdf,1,4,0,0,,
passport_edge_00105_p02.jpg,data\pages\filler_text\passport_edge_00105_p02.jpg,passport_edge_00105.pdf,filler_text,pdf,2,4,0,0,,
passport_edge_00105_p04.jpg,data\pages\passport_edge\passport_edge_00105_p04.jpg,passport_edge_00105.pdf,passport_edge,pdf,4,4,1,1,pixelated,aslessor_passport_0052.jpg
passport_normal_00106_p01.jpg,data\pages\passport_normal\passport_normal_00106_p01.jpg,passport_normal_00106.pdf,passport_normal,pdf,1,4,1,0,gentle,aslessor_passport_0053.jpg
passport_normal_00106_p02.jpg,data\pages\filler_text\passport_normal_00106_p02.jpg,passport_normal_00106.pdf,filler_text,pdf,2,4,0,0,,
passport_normal_00106_p03.jpg,data\pages\filler_text\passport_normal_00106_p03.jpg,passport_normal_00106.pdf,filler_text,pdf,3,4,0,0,,
passport_edge_00107_p01.jpg,data\pages\filler_text\passport_edge_00107_p01.jpg,passport_edge_00107.pdf,filler_text,pdf,1,4,0,0,,
passport_edge_00107_p02.jpg,data\pages\filler_text\passport_edge_00107_p02.jpg,passport_edge_00107.pdf,filler_text,pdf,2,4,0,0,,
passport_edge_00107_p03.jpg,data\pages\passport_edge\passport_edge_00107_p03.jpg,passport_edge_00107.pdf,passport_edge,pdf,3,4,1,1,shadow,aslessor_passport_0053.jpg
passport_normal_00108_p01.jpg,data\pages\filler_text\passport_normal_00108_p01.jpg,passport_normal_00108.pdf,filler_text,pdf,1,4,0,0,,
passport_normal_00108_p02.jpg,data\pages\filler_text\passport_normal_00108_p02.jpg,passport_normal_00108.pdf,filler_text,pdf,2,4,0,0,,
passport_normal_00108_p03.jpg,data\pages\passport_normal\passport_normal_00108_p03.jpg,passport_normal_00108.pdf,passport_normal,pdf,3,4,1,0,gentle,aslessor_passport_0054.jpg
passport_edge_00109_p01.jpg,data\pages\filler_text\passport_edge_00109_p01.jpg,passport_edge_00109.pdf,filler_text,pdf,1,3,0,0,,
passport_edge_00109_p02.jpg,data\pages\filler_text\passport_edge_00109_p02.jpg,passport_edge_00109.pdf,filler_text,pdf,2,3,0,0,,
passport_edge_00109_p03.jpg,data\pages\passport_edge\passport_edge_00109_p03.jpg,passport_edge_00109.pdf,passport_edge,pdf,3,3,1,1,blur,aslessor_passport_0054.jpg
passport_normal_00110_p01.jpg,data\pages\passport_normal\passport_normal_00110_p01.jpg,passport_normal_00110.docx,passport_normal,docx,1,2,1,0,gentle,aslessor_passport_0055.jpg
passport_normal_00110_p02.jpg,data\pages\filler_text\passport_normal_00110_p02.jpg,passport_normal_00110.docx,filler_text,docx,2,2,0,0,,
passport_edge_00111_p01.jpg,data\pages\filler_text\passport_edge_00111_p01.jpg,passport_edge_00111.docx,filler_text,docx,1,2,0,0,,
passport_edge_00111_p02.jpg,data\pages\passport_edge\passport_edge_00111_p02.jpg,passport_edge_00111.docx,passport_edge,docx,2,2,1,1,shadow,aslessor_passport_0055.jpg
passport_normal_00112_p01.jpg,data\pages\filler_text\passport_normal_00112_p01.jpg,passport_normal_00112.pdf,filler_text,pdf,1,3,0,0,,
passport_normal_00112_p02.jpg,data\pages\passport_normal\passport_normal_00112_p02.jpg,passport_normal_00112.pdf,passport_normal,pdf,2,3,1,0,gentle,aslessor_passport_0056.jpg
passport_normal_00112_p03.jpg,data\pages\filler_text\passport_normal_00112_p03.jpg,passport_normal_00112.pdf,filler_text,pdf,3,3,0,0,,
passport_edge_00113_p01.jpg,data\pages\filler_text\passport_edge_00113_p01.jpg,passport_edge_00113.pdf,filler_text,pdf,1,2,0,0,,
passport_edge_00113_p02.jpg,data\pages\passport_edge\passport_edge_00113_p02.jpg,passport_edge_00113.pdf,passport_edge,pdf,2,2,1,1,photocopy,aslessor_passport_0056.jpg
passport_normal_00114_p01.jpg,data\pages\passport_normal\passport_normal_00114_p01.jpg,passport_normal_00114.pdf,passport_normal,pdf,1,2,1,0,gentle,aslessor_passport_0057.jpg
passport_normal_00114_p02.jpg,data\pages\filler_text\passport_normal_00114_p02.jpg,passport_normal_00114.pdf,filler_text,pdf,2,2,0,0,,
passport_edge_00115_p01.jpg,data\pages\passport_edge\passport_edge_00115_p01.jpg,passport_edge_00115.docx,passport_edge,docx,1,3,1,1,noise,aslessor_passport_0057.jpg
passport_edge_00115_p02.jpg,data\pages\filler_text\passport_edge_00115_p02.jpg,passport_edge_00115.docx,filler_text,docx,2,3,0,0,,
passport_edge_00115_p03.jpg,data\pages\filler_text\passport_edge_00115_p03.jpg,passport_edge_00115.docx,filler_text,docx,3,3,0,0,,
passport_normal_00116_p01.jpg,data\pages\filler_text\passport_normal_00116_p01.jpg,passport_normal_00116.pdf,filler_text,pdf,1,3,0,0,,
passport_normal_00116_p02.jpg,data\pages\passport_normal\passport_normal_00116_p02.jpg,passport_normal_00116.pdf,passport_normal,pdf,2,3,1,0,gentle,aslessor_passport_0058.jpg
passport_normal_00116_p03.jpg,data\pages\filler_text\passport_normal_00116_p03.jpg,passport_normal_00116.pdf,filler_text,pdf,3,3,0,0,,
passport_edge_00117_p01.jpg,data\pages\filler_text\passport_edge_00117_p01.jpg,passport_edge_00117.pdf,filler_text,pdf,1,2,0,0,,
passport_edge_00117_p02.jpg,data\pages\passport_edge\passport_edge_00117_p02.jpg,passport_edge_00117.pdf,passport_edge,pdf,2,2,1,1,rotated,aslessor_passport_0058.jpg
passport_normal_00118_p01.jpg,data\pages\filler_text\passport_normal_00118_p01.jpg,passport_normal_00118.pdf,filler_text,pdf,1,2,0,0,,
passport_normal_00118_p02.jpg,data\pages\passport_normal\passport_normal_00118_p02.jpg,passport_normal_00118.pdf,passport_normal,pdf,2,2,1,0,gentle,aslessor_passport_0059.jpg
passport_edge_00119_p01.jpg,data\pages\filler_text\passport_edge_00119_p01.jpg,passport_edge_00119.pdf,filler_text,pdf,1,2,0,0,,
passport_edge_00119_p02.jpg,data\pages\passport_edge\passport_edge_00119_p02.jpg,passport_edge_00119.pdf,passport_edge,pdf,2,2,1,1,shadow,aslessor_passport_0059.jpg
passport_normal_00120_p01.jpg,data\pages\filler_text\passport_normal_00120_p01.jpg,passport_normal_00120.pdf,filler_text,pdf,1,4,0,0,,
passport_normal_00120_p02.jpg,data\pages\passport_normal\passport_normal_00120_p02.jpg,passport_normal_00120.pdf,passport_normal,pdf,2,4,1,0,gentle,aslessor_passport_0060.jpg
passport_normal_00120_p03.jpg,data\pages\filler_text\passport_normal_00120_p03.jpg,passport_normal_00120.pdf,filler_text,pdf,3,4,0,0,,
passport_edge_00121_p01.jpg,data\pages\filler_text\passport_edge_00121_p01.jpg,passport_edge_00121.pdf,filler_text,pdf,1,2,0,0,,
passport_edge_00121_p02.jpg,data\pages\passport_edge\passport_edge_00121_p02.jpg,passport_edge_00121.pdf,passport_edge,pdf,2,2,1,1,blur,aslessor_passport_0060.jpg
passport_normal_00122_p01.jpg,data\pages\passport_normal\passport_normal_00122_p01.jpg,passport_normal_00122.pdf,passport_normal,pdf,1,2,1,0,gentle,aslessor_passport_0061.jpg
passport_normal_00122_p02.jpg,data\pages\filler_text\passport_normal_00122_p02.jpg,passport_normal_00122.pdf,filler_text,pdf,2,2,0,0,,
passport_edge_00123_p01.jpg,data\pages\passport_edge\passport_edge_00123_p01.jpg,passport_edge_00123.pdf,passport_edge,pdf,1,4,1,1,photocopy,aslessor_passport_0061.jpg
passport_edge_00123_p02.jpg,data\pages\filler_text\passport_edge_00123_p02.jpg,passport_edge_00123.pdf,filler_text,pdf,2,4,0,0,,
passport_edge_00123_p03.jpg,data\pages\filler_text\passport_edge_00123_p03.jpg,passport_edge_00123.pdf,filler_text,pdf,3,4,0,0,,
passport_normal_00124_p01.jpg,data\pages\filler_text\passport_normal_00124_p01.jpg,passport_normal_00124.pdf,filler_text,pdf,1,2,0,0,,
passport_normal_00124_p02.jpg,data\pages\passport_normal\passport_normal_00124_p02.jpg,passport_normal_00124.pdf,passport_normal,pdf,2,2,1,0,gentle,aslessor_passport_0062.jpg
passport_edge_00125_p01.jpg,data\pages\filler_text\passport_edge_00125_p01.jpg,passport_edge_00125.pdf,filler_text,pdf,1,3,0,0,,
passport_edge_00125_p02.jpg,data\pages\passport_edge\passport_edge_00125_p02.jpg,passport_edge_00125.pdf,passport_edge,pdf,2,3,1,1,noise,aslessor_passport_0062.jpg
passport_edge_00125_p03.jpg,data\pages\filler_text\passport_edge_00125_p03.jpg,passport_edge_00125.pdf,filler_text,pdf,3,3,0,0,,
passport_normal_00126_p01.jpg,data\pages\filler_text\passport_normal_00126_p01.jpg,passport_normal_00126.pdf,filler_text,pdf,1,4,0,0,,
passport_normal_00126_p02.jpg,data\pages\filler_text\passport_normal_00126_p02.jpg,passport_normal_00126.pdf,filler_text,pdf,2,4,0,0,,
passport_normal_00126_p03.jpg,data\pages\passport_normal\passport_normal_00126_p03.jpg,passport_normal_00126.pdf,passport_normal,pdf,3,4,1,0,gentle,aslessor_passport_0063.jpg
passport_edge_00127_p01.jpg,data\pages\filler_text\passport_edge_00127_p01.jpg,passport_edge_00127.pdf,filler_text,pdf,1,4,0,0,,
passport_edge_00127_p02.jpg,data\pages\filler_text\passport_edge_00127_p02.jpg,passport_edge_00127.pdf,filler_text,pdf,2,4,0,0,,
passport_edge_00127_p04.jpg,data\pages\passport_edge\passport_edge_00127_p04.jpg,passport_edge_00127.pdf,passport_edge,pdf,4,4,1,1,pixelated,aslessor_passport_0063.jpg
passport_normal_00128_p01.jpg,data\pages\filler_text\passport_normal_00128_p01.jpg,passport_normal_00128.pdf,filler_text,pdf,1,4,0,0,,
passport_normal_00128_p02.jpg,data\pages\passport_normal\passport_normal_00128_p02.jpg,passport_normal_00128.pdf,passport_normal,pdf,2,4,1,0,none,aslessor_passport_0064.jpg
passport_normal_00128_p03.jpg,data\pages\filler_text\passport_normal_00128_p03.jpg,passport_normal_00128.pdf,filler_text,pdf,3,4,0,0,,
passport_edge_00129_p01.jpg,data\pages\filler_text\passport_edge_00129_p01.jpg,passport_edge_00129.docx,filler_text,docx,1,3,0,0,,
passport_edge_00129_p02.jpg,data\pages\passport_edge\passport_edge_00129_p02.jpg,passport_edge_00129.docx,passport_edge,docx,2,3,1,1,photocopy,aslessor_passport_0064.jpg
passport_edge_00129_p03.jpg,data\pages\filler_text\passport_edge_00129_p03.jpg,passport_edge_00129.docx,filler_text,docx,3,3,0,0,,
passport_normal_00130_p01.jpg,data\pages\filler_text\passport_normal_00130_p01.jpg,passport_normal_00130.pdf,filler_text,pdf,1,3,0,0,,
passport_normal_00130_p02.jpg,data\pages\passport_normal\passport_normal_00130_p02.jpg,passport_normal_00130.pdf,passport_normal,pdf,2,3,1,0,gentle,aslessor_passport_0065.jpg
passport_normal_00130_p03.jpg,data\pages\filler_text\passport_normal_00130_p03.jpg,passport_normal_00130.pdf,filler_text,pdf,3,3,0,0,,
passport_edge_00131_p01.jpg,data\pages\filler_text\passport_edge_00131_p01.jpg,passport_edge_00131.docx,filler_text,docx,1,2,0,0,,
passport_edge_00131_p02.jpg,data\pages\passport_edge\passport_edge_00131_p02.jpg,passport_edge_00131.docx,passport_edge,docx,2,2,1,1,shadow,aslessor_passport_0065.jpg
passport_normal_00132_p01.jpg,data\pages\filler_text\passport_normal_00132_p01.jpg,passport_normal_00132.pdf,filler_text,pdf,1,2,0,0,,
passport_normal_00132_p02.jpg,data\pages\passport_normal\passport_normal_00132_p02.jpg,passport_normal_00132.pdf,passport_normal,pdf,2,2,1,0,gentle,aslessor_passport_0066.jpg
passport_edge_00133_p01.jpg,data\pages\filler_text\passport_edge_00133_p01.jpg,passport_edge_00133.pdf,filler_text,pdf,1,3,0,0,,
passport_edge_00133_p02.jpg,data\pages\passport_edge\passport_edge_00133_p02.jpg,passport_edge_00133.pdf,passport_edge,pdf,2,3,1,1,blur,aslessor_passport_0066.jpg
passport_edge_00133_p03.jpg,data\pages\filler_text\passport_edge_00133_p03.jpg,passport_edge_00133.pdf,filler_text,pdf,3,3,0,0,,
passport_normal_00134_p01.jpg,data\pages\passport_normal\passport_normal_00134_p01.jpg,passport_normal_00134.pdf,passport_normal,pdf,1,3,1,0,gentle,aslessor_passport_0067.jpg
passport_normal_00134_p02.jpg,data\pages\filler_text\passport_normal_00134_p02.jpg,passport_normal_00134.pdf,filler_text,pdf,2,3,0,0,,
passport_normal_00134_p03.jpg,data\pages\filler_text\passport_normal_00134_p03.jpg,passport_normal_00134.pdf,filler_text,pdf,3,3,0,0,,
passport_edge_00135_p01.jpg,data\pages\filler_text\passport_edge_00135_p01.jpg,passport_edge_00135.pdf,filler_text,pdf,1,4,0,0,,
passport_edge_00135_p02.jpg,data\pages\passport_edge\passport_edge_00135_p02.jpg,passport_edge_00135.pdf,passport_edge,pdf,2,4,1,1,noise,aslessor_passport_0067.jpg
passport_edge_00135_p03.jpg,data\pages\filler_text\passport_edge_00135_p03.jpg,passport_edge_00135.pdf,filler_text,pdf,3,4,0,0,,
passport_normal_00136_p01.jpg,data\pages\passport_normal\passport_normal_00136_p01.jpg,passport_normal_00136.pdf,passport_normal,pdf,1,2,1,0,none,aslessor_passport_0068.jpg
passport_normal_00136_p02.jpg,data\pages\filler_text\passport_normal_00136_p02.jpg,passport_normal_00136.pdf,filler_text,pdf,2,2,0,0,,
passport_edge_00137_p01.jpg,data\pages\filler_text\passport_edge_00137_p01.jpg,passport_edge_00137.docx,filler_text,docx,1,3,0,0,,
passport_edge_00137_p02.jpg,data\pages\passport_edge\passport_edge_00137_p02.jpg,passport_edge_00137.docx,passport_edge,docx,2,3,1,1,shadow,aslessor_passport_0068.jpg
passport_edge_00137_p03.jpg,data\pages\filler_text\passport_edge_00137_p03.jpg,passport_edge_00137.docx,filler_text,docx,3,3,0,0,,
passport_normal_00138_p01.jpg,data\pages\passport_normal\passport_normal_00138_p01.jpg,passport_normal_00138.docx,passport_normal,docx,1,2,1,0,gentle,aslessor_passport_0069.jpg
passport_normal_00138_p02.jpg,data\pages\filler_text\passport_normal_00138_p02.jpg,passport_normal_00138.docx,filler_text,docx,2,2,0,0,,
passport_edge_00139_p01.jpg,data\pages\passport_edge\passport_edge_00139_p01.jpg,passport_edge_00139.pdf,passport_edge,pdf,1,2,1,1,photocopy,aslessor_passport_0069.jpg
passport_edge_00139_p02.jpg,data\pages\filler_text\passport_edge_00139_p02.jpg,passport_edge_00139.pdf,filler_text,pdf,2,2,0,0,,
passport_normal_00140_p01.jpg,data\pages\filler_text\passport_normal_00140_p01.jpg,passport_normal_00140.pdf,filler_text,pdf,1,4,0,0,,
passport_normal_00140_p02.jpg,data\pages\filler_text\passport_normal_00140_p02.jpg,passport_normal_00140.pdf,filler_text,pdf,2,4,0,0,,
passport_normal_00140_p03.jpg,data\pages\passport_normal\passport_normal_00140_p03.jpg,passport_normal_00140.pdf,passport_normal,pdf,3,4,1,0,gentle,aslessor_passport_0070.jpg
passport_edge_00141_p01.jpg,data\pages\filler_text\passport_edge_00141_p01.jpg,passport_edge_00141.pdf,filler_text,pdf,1,3,0,0,,
passport_edge_00141_p02.jpg,data\pages\passport_edge\passport_edge_00141_p02.jpg,passport_edge_00141.pdf,passport_edge,pdf,2,3,1,1,shadow,aslessor_passport_0070.jpg
passport_edge_00141_p03.jpg,data\pages\filler_text\passport_edge_00141_p03.jpg,passport_edge_00141.pdf,filler_text,pdf,3,3,0,0,,
passport_normal_00142_p01.jpg,data\pages\filler_text\passport_normal_00142_p01.jpg,passport_normal_00142.pdf,filler_text,pdf,1,2,0,0,,
passport_normal_00142_p02.jpg,data\pages\passport_normal\passport_normal_00142_p02.jpg,passport_normal_00142.pdf,passport_normal,pdf,2,2,1,0,gentle,aslessor_passport_0071.jpg
passport_edge_00143_p01.jpg,data\pages\filler_text\passport_edge_00143_p01.jpg,passport_edge_00143.pdf,filler_text,pdf,1,3,0,0,,
passport_edge_00143_p02.jpg,data\pages\passport_edge\passport_edge_00143_p02.jpg,passport_edge_00143.pdf,passport_edge,pdf,2,3,1,1,pixelated,aslessor_passport_0071.jpg
passport_edge_00143_p03.jpg,data\pages\filler_text\passport_edge_00143_p03.jpg,passport_edge_00143.pdf,filler_text,pdf,3,3,0,0,,
passport_normal_00144_p01.jpg,data\pages\filler_text\passport_normal_00144_p01.jpg,passport_normal_00144.pdf,filler_text,pdf,1,2,0,0,,
passport_normal_00144_p02.jpg,data\pages\passport_normal\passport_normal_00144_p02.jpg,passport_normal_00144.pdf,passport_normal,pdf,2,2,1,0,none,aslessor_passport_0072.jpg
passport_edge_00145_p01.jpg,data\pages\passport_edge\passport_edge_00145_p01.jpg,passport_edge_00145.pdf,passport_edge,pdf,1,4,1,1,shadow,aslessor_passport_0072.jpg
passport_edge_00145_p02.jpg,data\pages\filler_text\passport_edge_00145_p02.jpg,passport_edge_00145.pdf,filler_text,pdf,2,4,0,0,,
passport_edge_00145_p03.jpg,data\pages\filler_text\passport_edge_00145_p03.jpg,passport_edge_00145.pdf,filler_text,pdf,3,4,0,0,,
passport_normal_00146_p01.jpg,data\pages\filler_text\passport_normal_00146_p01.jpg,passport_normal_00146.pdf,filler_text,pdf,1,2,0,0,,
passport_normal_00146_p02.jpg,data\pages\passport_normal\passport_normal_00146_p02.jpg,passport_normal_00146.pdf,passport_normal,pdf,2,2,1,0,gentle,aslessor_passport_0073.jpg
passport_edge_00147_p01.jpg,data\pages\filler_text\passport_edge_00147_p01.jpg,passport_edge_00147.pdf,filler_text,pdf,1,4,0,0,,
passport_edge_00147_p02.jpg,data\pages\passport_edge\passport_edge_00147_p02.jpg,passport_edge_00147.pdf,passport_edge,pdf,2,4,1,1,blur,aslessor_passport_0073.jpg
passport_edge_00147_p03.jpg,data\pages\filler_text\passport_edge_00147_p03.jpg,passport_edge_00147.pdf,filler_text,pdf,3,4,0,0,,
passport_normal_00148_p01.jpg,data\pages\filler_text\passport_normal_00148_p01.jpg,passport_normal_00148.pdf,filler_text,pdf,1,3,0,0,,
passport_normal_00148_p02.jpg,data\pages\passport_normal\passport_normal_00148_p02.jpg,passport_normal_00148.pdf,passport_normal,pdf,2,3,1,0,none,aslessor_passport_0074.jpg
passport_normal_00148_p03.jpg,data\pages\filler_text\passport_normal_00148_p03.jpg,passport_normal_00148.pdf,filler_text,pdf,3,3,0,0,,
passport_edge_00149_p01.jpg,data\pages\filler_text\passport_edge_00149_p01.jpg,passport_edge_00149.pdf,filler_text,pdf,1,4,0,0,,
passport_edge_00149_p02.jpg,data\pages\filler_text\passport_edge_00149_p02.jpg,passport_edge_00149.pdf,filler_text,pdf,2,4,0,0,,
passport_edge_00149_p04.jpg,data\pages\passport_edge\passport_edge_00149_p04.jpg,passport_edge_00149.pdf,passport_edge,pdf,4,4,1,1,blur,aslessor_passport_0074.jpg
passport_normal_00150_p01.jpg,data\pages\passport_normal\passport_normal_00150_p01.jpg,passport_normal_00150.pdf,passport_normal,pdf,1,3,1,0,gentle,aslessor_passport_0075.jpg
passport_normal_00150_p02.jpg,data\pages\filler_text\passport_normal_00150_p02.jpg,passport_normal_00150.pdf,filler_text,pdf,2,3,0,0,,
passport_normal_00150_p03.jpg,data\pages\filler_text\passport_normal_00150_p03.jpg,passport_normal_00150.pdf,filler_text,pdf,3,3,0,0,,
passport_edge_00151_p01.jpg,data\pages\filler_text\passport_edge_00151_p01.jpg,passport_edge_00151.pdf,filler_text,pdf,1,2,0,0,,
passport_edge_00151_p02.jpg,data\pages\passport_edge\passport_edge_00151_p02.jpg,passport_edge_00151.pdf,passport_edge,pdf,2,2,1,1,photocopy,aslessor_passport_0075.jpg
passport_normal_00152_p01.jpg,data\pages\passport_normal\passport_normal_00152_p01.jpg,passport_normal_00152.pdf,passport_normal,pdf,1,2,1,0,gentle,aslessor_passport_0076.jpg
passport_normal_00152_p02.jpg,data\pages\filler_text\passport_normal_00152_p02.jpg,passport_normal_00152.pdf,filler_text,pdf,2,2,0,0,,
passport_edge_00153_p01.jpg,data\pages\filler_text\passport_edge_00153_p01.jpg,passport_edge_00153.docx,filler_text,docx,1,3,0,0,,
passport_edge_00153_p02.jpg,data\pages\filler_text\passport_edge_00153_p02.jpg,passport_edge_00153.docx,filler_text,docx,2,3,0,0,,
passport_edge_00153_p03.jpg,data\pages\passport_edge\passport_edge_00153_p03.jpg,passport_edge_00153.docx,passport_edge,docx,3,3,1,1,shadow,aslessor_passport_0076.jpg
passport_normal_00154_p01.jpg,data\pages\passport_normal\passport_normal_00154_p01.jpg,passport_normal_00154.pdf,passport_normal,pdf,1,3,1,0,gentle,aslessor_passport_0077.jpg
passport_normal_00154_p02.jpg,data\pages\filler_text\passport_normal_00154_p02.jpg,passport_normal_00154.pdf,filler_text,pdf,2,3,0,0,,
passport_normal_00154_p03.jpg,data\pages\filler_text\passport_normal_00154_p03.jpg,passport_normal_00154.pdf,filler_text,pdf,3,3,0,0,,
passport_edge_00155_p01.jpg,data\pages\filler_text\passport_edge_00155_p01.jpg,passport_edge_00155.pdf,filler_text,pdf,1,3,0,0,,
passport_edge_00155_p02.jpg,data\pages\passport_edge\passport_edge_00155_p02.jpg,passport_edge_00155.pdf,passport_edge,pdf,2,3,1,1,photocopy,aslessor_passport_0077.jpg
passport_edge_00155_p03.jpg,data\pages\filler_text\passport_edge_00155_p03.jpg,passport_edge_00155.pdf,filler_text,pdf,3,3,0,0,,
passport_normal_00156_p01.jpg,data\pages\filler_text\passport_normal_00156_p01.jpg,passport_normal_00156.docx,filler_text,docx,1,3,0,0,,
passport_normal_00156_p02.jpg,data\pages\passport_normal\passport_normal_00156_p02.jpg,passport_normal_00156.docx,passport_normal,docx,2,3,1,0,gentle,aslessor_passport_0078.jpg
passport_normal_00156_p03.jpg,data\pages\filler_text\passport_normal_00156_p03.jpg,passport_normal_00156.docx,filler_text,docx,3,3,0,0,,
passport_edge_00157_p01.jpg,data\pages\passport_edge\passport_edge_00157_p01.jpg,passport_edge_00157.docx,passport_edge,docx,1,2,1,1,shadow,aslessor_passport_0078.jpg
passport_edge_00157_p02.jpg,data\pages\filler_text\passport_edge_00157_p02.jpg,passport_edge_00157.docx,filler_text,docx,2,2,0,0,,
passport_normal_00158_p01.jpg,data\pages\filler_text\passport_normal_00158_p01.jpg,passport_normal_00158.pdf,filler_text,pdf,1,3,0,0,,
passport_normal_00158_p02.jpg,data\pages\passport_normal\passport_normal_00158_p02.jpg,passport_normal_00158.pdf,passport_normal,pdf,2,3,1,0,gentle,aslessor_passport_0079.jpg
passport_normal_00158_p03.jpg,data\pages\filler_text\passport_normal_00158_p03.jpg,passport_normal_00158.pdf,filler_text,pdf,3,3,0,0,,
passport_edge_00159_p01.jpg,data\pages\passport_edge\passport_edge_00159_p01.jpg,passport_edge_00159.pdf,passport_edge,pdf,1,3,1,1,blur,aslessor_passport_0079.jpg
passport_edge_00159_p02.jpg,data\pages\filler_text\passport_edge_00159_p02.jpg,passport_edge_00159.pdf,filler_text,pdf,2,3,0,0,,
passport_edge_00159_p03.jpg,data\pages\filler_text\passport_edge_00159_p03.jpg,passport_edge_00159.pdf,filler_text,pdf,3,3,0,0,,
passport_normal_00160_p01.jpg,data\pages\passport_normal\passport_normal_00160_p01.jpg,passport_normal_00160.docx,passport_normal,docx,1,2,1,0,none,aslessor_passport_0080.jpg
passport_normal_00160_p02.jpg,data\pages\filler_text\passport_normal_00160_p02.jpg,passport_normal_00160.docx,filler_text,docx,2,2,0,0,,
passport_edge_00161_p01.jpg,data\pages\passport_edge\passport_edge_00161_p01.jpg,passport_edge_00161.docx,passport_edge,docx,1,2,1,1,blur,aslessor_passport_0080.jpg
passport_edge_00161_p02.jpg,data\pages\filler_text\passport_edge_00161_p02.jpg,passport_edge_00161.docx,filler_text,docx,2,2,0,0,,
passport_normal_00162_p01.jpg,data\pages\passport_normal\passport_normal_00162_p01.jpg,passport_normal_00162.pdf,passport_normal,pdf,1,2,1,0,gentle,aslessor_passport_0081.jpg
passport_normal_00162_p02.jpg,data\pages\filler_text\passport_normal_00162_p02.jpg,passport_normal_00162.pdf,filler_text,pdf,2,2,0,0,,
passport_edge_00163_p01.jpg,data\pages\passport_edge\passport_edge_00163_p01.jpg,passport_edge_00163.pdf,passport_edge,pdf,1,4,1,1,photocopy,aslessor_passport_0081.jpg
passport_edge_00163_p02.jpg,data\pages\filler_text\passport_edge_00163_p02.jpg,passport_edge_00163.pdf,filler_text,pdf,2,4,0,0,,
passport_edge_00163_p03.jpg,data\pages\filler_text\passport_edge_00163_p03.jpg,passport_edge_00163.pdf,filler_text,pdf,3,4,0,0,,
passport_normal_00164_p01.jpg,data\pages\passport_normal\passport_normal_00164_p01.jpg,passport_normal_00164.docx,passport_normal,docx,1,2,1,0,gentle,aslessor_passport_0082.jpg
passport_normal_00164_p02.jpg,data\pages\filler_text\passport_normal_00164_p02.jpg,passport_normal_00164.docx,filler_text,docx,2,2,0,0,,
passport_edge_00165_p01.jpg,data\pages\passport_edge\passport_edge_00165_p01.jpg,passport_edge_00165.docx,passport_edge,docx,1,2,1,1,photocopy,aslessor_passport_0082.jpg
passport_edge_00165_p02.jpg,data\pages\filler_text\passport_edge_00165_p02.jpg,passport_edge_00165.docx,filler_text,docx,2,2,0,0,,
passport_normal_00166_p01.jpg,data\pages\passport_normal\passport_normal_00166_p01.jpg,passport_normal_00166.docx,passport_normal,docx,1,3,1,0,gentle,aslessor_passport_0083.jpg
passport_normal_00166_p02.jpg,data\pages\filler_text\passport_normal_00166_p02.jpg,passport_normal_00166.docx,filler_text,docx,2,3,0,0,,
passport_normal_00166_p03.jpg,data\pages\filler_text\passport_normal_00166_p03.jpg,passport_normal_00166.docx,filler_text,docx,3,3,0,0,,
passport_edge_00167_p01.jpg,data\pages\filler_text\passport_edge_00167_p01.jpg,passport_edge_00167.docx,filler_text,docx,1,2,0,0,,
passport_edge_00167_p02.jpg,data\pages\passport_edge\passport_edge_00167_p02.jpg,passport_edge_00167.docx,passport_edge,docx,2,2,1,1,shadow,aslessor_passport_0083.jpg
passport_normal_00168_p01.jpg,data\pages\filler_text\passport_normal_00168_p01.jpg,passport_normal_00168.pdf,filler_text,pdf,1,2,0,0,,
passport_normal_00168_p02.jpg,data\pages\passport_normal\passport_normal_00168_p02.jpg,passport_normal_00168.pdf,passport_normal,pdf,2,2,1,0,gentle,aslessor_passport_0084.jpg
passport_edge_00169_p01.jpg,data\pages\passport_edge\passport_edge_00169_p01.jpg,passport_edge_00169.pdf,passport_edge,pdf,1,3,1,1,noise,aslessor_passport_0084.jpg
passport_edge_00169_p02.jpg,data\pages\filler_text\passport_edge_00169_p02.jpg,passport_edge_00169.pdf,filler_text,pdf,2,3,0,0,,
passport_edge_00169_p03.jpg,data\pages\filler_text\passport_edge_00169_p03.jpg,passport_edge_00169.pdf,filler_text,pdf,3,3,0,0,,
passport_normal_00170_p01.jpg,data\pages\passport_normal\passport_normal_00170_p01.jpg,passport_normal_00170.pdf,passport_normal,pdf,1,2,1,0,gentle,aslessor_passport_0085.jpg
passport_normal_00170_p02.jpg,data\pages\filler_text\passport_normal_00170_p02.jpg,passport_normal_00170.pdf,filler_text,pdf,2,2,0,0,,
passport_edge_00171_p01.jpg,data\pages\filler_text\passport_edge_00171_p01.jpg,passport_edge_00171.pdf,filler_text,pdf,1,3,0,0,,
passport_edge_00171_p02.jpg,data\pages\filler_text\passport_edge_00171_p02.jpg,passport_edge_00171.pdf,filler_text,pdf,2,3,0,0,,
passport_edge_00171_p03.jpg,data\pages\passport_edge\passport_edge_00171_p03.jpg,passport_edge_00171.pdf,passport_edge,pdf,3,3,1,1,shadow,aslessor_passport_0085.jpg
passport_normal_00172_p01.jpg,data\pages\filler_text\passport_normal_00172_p01.jpg,passport_normal_00172.docx,filler_text,docx,1,2,0,0,,
passport_normal_00172_p02.jpg,data\pages\passport_normal\passport_normal_00172_p02.jpg,passport_normal_00172.docx,passport_normal,docx,2,2,1,0,gentle,aslessor_passport_0086.jpg
passport_edge_00173_p01.jpg,data\pages\passport_edge\passport_edge_00173_p01.jpg,passport_edge_00173.docx,passport_edge,docx,1,2,1,1,photocopy,aslessor_passport_0086.jpg
passport_edge_00173_p02.jpg,data\pages\filler_text\passport_edge_00173_p02.jpg,passport_edge_00173.docx,filler_text,docx,2,2,0,0,,
passport_normal_00174_p01.jpg,data\pages\passport_normal\passport_normal_00174_p01.jpg,passport_normal_00174.pdf,passport_normal,pdf,1,4,1,0,none,aslessor_passport_0087.jpg
passport_normal_00174_p02.jpg,data\pages\filler_text\passport_normal_00174_p02.jpg,passport_normal_00174.pdf,filler_text,pdf,2,4,0,0,,
passport_normal_00174_p03.jpg,data\pages\filler_text\passport_normal_00174_p03.jpg,passport_normal_00174.pdf,filler_text,pdf,3,4,0,0,,
passport_edge_00175_p01.jpg,data\pages\passport_edge\passport_edge_00175_p01.jpg,passport_edge_00175.pdf,passport_edge,pdf,1,3,1,1,pixelated,aslessor_passport_0087.jpg
passport_edge_00175_p02.jpg,data\pages\filler_text\passport_edge_00175_p02.jpg,passport_edge_00175.pdf,filler_text,pdf,2,3,0,0,,
passport_edge_00175_p03.jpg,data\pages\filler_text\passport_edge_00175_p03.jpg,passport_edge_00175.pdf,filler_text,pdf,3,3,0,0,,
passport_normal_00176_p01.jpg,data\pages\filler_text\passport_normal_00176_p01.jpg,passport_normal_00176.pdf,filler_text,pdf,1,2,0,0,,
passport_normal_00176_p02.jpg,data\pages\passport_normal\passport_normal_00176_p02.jpg,passport_normal_00176.pdf,passport_normal,pdf,2,2,1,0,gentle,aslessor_passport_0088.jpg
passport_edge_00177_p01.jpg,data\pages\passport_edge\passport_edge_00177_p01.jpg,passport_edge_00177.docx,passport_edge,docx,1,2,1,1,pixelated,aslessor_passport_0088.jpg
passport_edge_00177_p02.jpg,data\pages\filler_text\passport_edge_00177_p02.jpg,passport_edge_00177.docx,filler_text,docx,2,2,0,0,,
passport_normal_00178_p01.jpg,data\pages\filler_text\passport_normal_00178_p01.jpg,passport_normal_00178.pdf,filler_text,pdf,1,4,0,0,,
passport_normal_00178_p02.jpg,data\pages\filler_text\passport_normal_00178_p02.jpg,passport_normal_00178.pdf,filler_text,pdf,2,4,0,0,,
passport_normal_00178_p03.jpg,data\pages\passport_normal\passport_normal_00178_p03.jpg,passport_normal_00178.pdf,passport_normal,pdf,3,4,1,0,gentle,aslessor_passport_0089.jpg
passport_edge_00179_p01.jpg,data\pages\filler_text\passport_edge_00179_p01.jpg,passport_edge_00179.pdf,filler_text,pdf,1,4,0,0,,
passport_edge_00179_p02.jpg,data\pages\filler_text\passport_edge_00179_p02.jpg,passport_edge_00179.pdf,filler_text,pdf,2,4,0,0,,
passport_edge_00179_p04.jpg,data\pages\passport_edge\passport_edge_00179_p04.jpg,passport_edge_00179.pdf,passport_edge,pdf,4,4,1,1,shadow,aslessor_passport_0089.jpg
passport_normal_00180_p01.jpg,data\pages\passport_normal\passport_normal_00180_p01.jpg,passport_normal_00180.pdf,passport_normal,pdf,1,4,1,0,gentle,aslessor_passport_0090.jpg
passport_normal_00180_p02.jpg,data\pages\filler_text\passport_normal_00180_p02.jpg,passport_normal_00180.pdf,filler_text,pdf,2,4,0,0,,
passport_normal_00180_p03.jpg,data\pages\filler_text\passport_normal_00180_p03.jpg,passport_normal_00180.pdf,filler_text,pdf,3,4,0,0,,
passport_edge_00181_p01.jpg,data\pages\filler_text\passport_edge_00181_p01.jpg,passport_edge_00181.docx,filler_text,docx,1,3,0,0,,
passport_edge_00181_p02.jpg,data\pages\filler_text\passport_edge_00181_p02.jpg,passport_edge_00181.docx,filler_text,docx,2,3,0,0,,
passport_edge_00181_p03.jpg,data\pages\passport_edge\passport_edge_00181_p03.jpg,passport_edge_00181.docx,passport_edge,docx,3,3,1,1,pixelated,aslessor_passport_0090.jpg
passport_normal_00182_p01.jpg,data\pages\passport_normal\passport_normal_00182_p01.jpg,passport_normal_00182.pdf,passport_normal,pdf,1,3,1,0,gentle,aslessor_passport_0091.jpg
passport_normal_00182_p02.jpg,data\pages\filler_text\passport_normal_00182_p02.jpg,passport_normal_00182.pdf,filler_text,pdf,2,3,0,0,,
passport_normal_00182_p03.jpg,data\pages\filler_text\passport_normal_00182_p03.jpg,passport_normal_00182.pdf,filler_text,pdf,3,3,0,0,,
passport_edge_00183_p01.jpg,data\pages\filler_text\passport_edge_00183_p01.jpg,passport_edge_00183.pdf,filler_text,pdf,1,3,0,0,,
passport_edge_00183_p02.jpg,data\pages\filler_text\passport_edge_00183_p02.jpg,passport_edge_00183.pdf,filler_text,pdf,2,3,0,0,,
passport_edge_00183_p03.jpg,data\pages\passport_edge\passport_edge_00183_p03.jpg,passport_edge_00183.pdf,passport_edge,pdf,3,3,1,1,blur,aslessor_passport_0091.jpg
passport_normal_00184_p01.jpg,data\pages\passport_normal\passport_normal_00184_p01.jpg,passport_normal_00184.pdf,passport_normal,pdf,1,3,1,0,none,aslessor_passport_0092.jpg
passport_normal_00184_p02.jpg,data\pages\filler_text\passport_normal_00184_p02.jpg,passport_normal_00184.pdf,filler_text,pdf,2,3,0,0,,
passport_normal_00184_p03.jpg,data\pages\filler_text\passport_normal_00184_p03.jpg,passport_normal_00184.pdf,filler_text,pdf,3,3,0,0,,
passport_edge_00185_p01.jpg,data\pages\filler_text\passport_edge_00185_p01.jpg,passport_edge_00185.docx,filler_text,docx,1,2,0,0,,
passport_edge_00185_p02.jpg,data\pages\passport_edge\passport_edge_00185_p02.jpg,passport_edge_00185.docx,passport_edge,docx,2,2,1,1,blur,aslessor_passport_0092.jpg
passport_normal_00186_p01.jpg,data\pages\filler_text\passport_normal_00186_p01.jpg,passport_normal_00186.pdf,filler_text,pdf,1,4,0,0,,
passport_normal_00186_p02.jpg,data\pages\filler_text\passport_normal_00186_p02.jpg,passport_normal_00186.pdf,filler_text,pdf,2,4,0,0,,
passport_normal_00186_p03.jpg,data\pages\passport_normal\passport_normal_00186_p03.jpg,passport_normal_00186.pdf,passport_normal,pdf,3,4,1,0,gentle,aslessor_passport_0093.jpg
passport_edge_00187_p01.jpg,data\pages\passport_edge\passport_edge_00187_p01.jpg,passport_edge_00187.pdf,passport_edge,pdf,1,4,1,1,rotated,aslessor_passport_0093.jpg
passport_edge_00187_p02.jpg,data\pages\filler_text\passport_edge_00187_p02.jpg,passport_edge_00187.pdf,filler_text,pdf,2,4,0,0,,
passport_edge_00187_p03.jpg,data\pages\filler_text\passport_edge_00187_p03.jpg,passport_edge_00187.pdf,filler_text,pdf,3,4,0,0,,
passport_normal_00188_p01.jpg,data\pages\passport_normal\passport_normal_00188_p01.jpg,passport_normal_00188.docx,passport_normal,docx,1,2,1,0,gentle,aslessor_passport_0094.jpg
passport_normal_00188_p02.jpg,data\pages\filler_text\passport_normal_00188_p02.jpg,passport_normal_00188.docx,filler_text,docx,2,2,0,0,,
passport_edge_00189_p01.jpg,data\pages\filler_text\passport_edge_00189_p01.jpg,passport_edge_00189.pdf,filler_text,pdf,1,3,0,0,,
passport_edge_00189_p02.jpg,data\pages\passport_edge\passport_edge_00189_p02.jpg,passport_edge_00189.pdf,passport_edge,pdf,2,3,1,1,noise,aslessor_passport_0094.jpg
passport_edge_00189_p03.jpg,data\pages\filler_text\passport_edge_00189_p03.jpg,passport_edge_00189.pdf,filler_text,pdf,3,3,0,0,,
passport_normal_00190_p01.jpg,data\pages\filler_text\passport_normal_00190_p01.jpg,passport_normal_00190.docx,filler_text,docx,1,3,0,0,,
passport_normal_00190_p02.jpg,data\pages\passport_normal\passport_normal_00190_p02.jpg,passport_normal_00190.docx,passport_normal,docx,2,3,1,0,gentle,aslessor_passport_0095.jpg
passport_normal_00190_p03.jpg,data\pages\filler_text\passport_normal_00190_p03.jpg,passport_normal_00190.docx,filler_text,docx,3,3,0,0,,
passport_edge_00191_p01.jpg,data\pages\filler_text\passport_edge_00191_p01.jpg,passport_edge_00191.pdf,filler_text,pdf,1,4,0,0,,
passport_edge_00191_p02.jpg,data\pages\passport_edge\passport_edge_00191_p02.jpg,passport_edge_00191.pdf,passport_edge,pdf,2,4,1,1,noise,aslessor_passport_0095.jpg
passport_edge_00191_p03.jpg,data\pages\filler_text\passport_edge_00191_p03.jpg,passport_edge_00191.pdf,filler_text,pdf,3,4,0,0,,
passport_normal_00192_p01.jpg,data\pages\passport_normal\passport_normal_00192_p01.jpg,passport_normal_00192.pdf,passport_normal,pdf,1,4,1,0,gentle,aslessor_passport_0096.jpg
passport_normal_00192_p02.jpg,data\pages\filler_text\passport_normal_00192_p02.jpg,passport_normal_00192.pdf,filler_text,pdf,2,4,0,0,,
passport_normal_00192_p03.jpg,data\pages\filler_text\passport_normal_00192_p03.jpg,passport_normal_00192.pdf,filler_text,pdf,3,4,0,0,,
passport_edge_00193_p01.jpg,data\pages\filler_text\passport_edge_00193_p01.jpg,passport_edge_00193.pdf,filler_text,pdf,1,2,0,0,,
passport_edge_00193_p02.jpg,data\pages\passport_edge\passport_edge_00193_p02.jpg,passport_edge_00193.pdf,passport_edge,pdf,2,2,1,1,shadow,aslessor_passport_0096.jpg
passport_normal_00194_p01.jpg,data\pages\filler_text\passport_normal_00194_p01.jpg,passport_normal_00194.pdf,filler_text,pdf,1,2,0,0,,
passport_normal_00194_p02.jpg,data\pages\passport_normal\passport_normal_00194_p02.jpg,passport_normal_00194.pdf,passport_normal,pdf,2,2,1,0,gentle,aslessor_passport_0097.jpg
passport_edge_00195_p01.jpg,data\pages\filler_text\passport_edge_00195_p01.jpg,passport_edge_00195.docx,filler_text,docx,1,2,0,0,,
passport_edge_00195_p02.jpg,data\pages\passport_edge\passport_edge_00195_p02.jpg,passport_edge_00195.docx,passport_edge,docx,2,2,1,1,pixelated,aslessor_passport_0097.jpg
passport_normal_00196_p01.jpg,data\pages\passport_normal\passport_normal_00196_p01.jpg,passport_normal_00196.pdf,passport_normal,pdf,1,4,1,0,gentle,aslessor_passport_0098.jpg
passport_normal_00196_p02.jpg,data\pages\filler_text\passport_normal_00196_p02.jpg,passport_normal_00196.pdf,filler_text,pdf,2,4,0,0,,
passport_normal_00196_p03.jpg,data\pages\filler_text\passport_normal_00196_p03.jpg,passport_normal_00196.pdf,filler_text,pdf,3,4,0,0,,
passport_edge_00197_p01.jpg,data\pages\passport_edge\passport_edge_00197_p01.jpg,passport_edge_00197.pdf,passport_edge,pdf,1,2,1,1,blur,aslessor_passport_0098.jpg
passport_edge_00197_p02.jpg,data\pages\filler_text\passport_edge_00197_p02.jpg,passport_edge_00197.pdf,filler_text,pdf,2,2,0,0,,
passport_normal_00198_p01.jpg,data\pages\filler_text\passport_normal_00198_p01.jpg,passport_normal_00198.pdf,filler_text,pdf,1,4,0,0,,
passport_normal_00198_p02.jpg,data\pages\filler_text\passport_normal_00198_p02.jpg,passport_normal_00198.pdf,filler_text,pdf,2,4,0,0,,
passport_normal_00198_p03.jpg,data\pages\passport_normal\passport_normal_00198_p03.jpg,passport_normal_00198.pdf,passport_normal,pdf,3,4,1,0,gentle,aslessor_passport_0099.jpg
passport_edge_00199_p01.jpg,data\pages\filler_text\passport_edge_00199_p01.jpg,passport_edge_00199.pdf,filler_text,pdf,1,3,0,0,,
passport_edge_00199_p02.jpg,data\pages\filler_text\passport_edge_00199_p02.jpg,passport_edge_00199.pdf,filler_text,pdf,2,3,0,0,,
passport_edge_00199_p03.jpg,data\pages\passport_edge\passport_edge_00199_p03.jpg,passport_edge_00199.pdf,passport_edge,pdf,3,3,1,1,noise,aslessor_passport_0099.jpg
passport_normal_00200_p01.jpg,data\pages\filler_text\passport_normal_00200_p01.jpg,passport_normal_00200.pdf,filler_text,pdf,1,2,0,0,,
passport_normal_00200_p02.jpg,data\pages\passport_normal\passport_normal_00200_p02.jpg,passport_normal_00200.pdf,passport_normal,pdf,2,2,1,0,gentle,uniquedata_passport_0000.jpg
passport_edge_00201_p01.jpg,data\pages\passport_edge\passport_edge_00201_p01.jpg,passport_edge_00201.pdf,passport_edge,pdf,1,2,1,1,rotated,uniquedata_passport_0000.jpg
passport_edge_00201_p02.jpg,data\pages\filler_text\passport_edge_00201_p02.jpg,passport_edge_00201.pdf,filler_text,pdf,2,2,0,0,,
passport_normal_00202_p01.jpg,data\pages\filler_text\passport_normal_00202_p01.jpg,passport_normal_00202.pdf,filler_text,pdf,1,4,0,0,,
passport_normal_00202_p02.jpg,data\pages\filler_text\passport_normal_00202_p02.jpg,passport_normal_00202.pdf,filler_text,pdf,2,4,0,0,,
passport_normal_00202_p04.jpg,data\pages\passport_normal\passport_normal_00202_p04.jpg,passport_normal_00202.pdf,passport_normal,pdf,4,4,1,0,gentle,uniquedata_passport_0001.jpg
passport_edge_00203_p01.jpg,data\pages\filler_text\passport_edge_00203_p01.jpg,passport_edge_00203.docx,filler_text,docx,1,3,0,0,,
passport_edge_00203_p02.jpg,data\pages\passport_edge\passport_edge_00203_p02.jpg,passport_edge_00203.docx,passport_edge,docx,2,3,1,1,photocopy,uniquedata_passport_0001.jpg
passport_edge_00203_p03.jpg,data\pages\filler_text\passport_edge_00203_p03.jpg,passport_edge_00203.docx,filler_text,docx,3,3,0,0,,
passport_normal_00204_p01.jpg,data\pages\filler_text\passport_normal_00204_p01.jpg,passport_normal_00204.pdf,filler_text,pdf,1,3,0,0,,
passport_normal_00204_p02.jpg,data\pages\filler_text\passport_normal_00204_p02.jpg,passport_normal_00204.pdf,filler_text,pdf,2,3,0,0,,
passport_normal_00204_p03.jpg,data\pages\passport_normal\passport_normal_00204_p03.jpg,passport_normal_00204.pdf,passport_normal,pdf,3,3,1,0,gentle,uniquedata_passport_0002.jpg
passport_edge_00205_p01.jpg,data\pages\filler_text\passport_edge_00205_p01.jpg,passport_edge_00205.pdf,filler_text,pdf,1,3,0,0,,
passport_edge_00205_p02.jpg,data\pages\passport_edge\passport_edge_00205_p02.jpg,passport_edge_00205.pdf,passport_edge,pdf,2,3,1,1,blur,uniquedata_passport_0002.jpg
passport_edge_00205_p03.jpg,data\pages\filler_text\passport_edge_00205_p03.jpg,passport_edge_00205.pdf,filler_text,pdf,3,3,0,0,,
passport_normal_00206_p01.jpg,data\pages\filler_text\passport_normal_00206_p01.jpg,passport_normal_00206.pdf,filler_text,pdf,1,2,0,0,,
passport_normal_00206_p02.jpg,data\pages\passport_normal\passport_normal_00206_p02.jpg,passport_normal_00206.pdf,passport_normal,pdf,2,2,1,0,none,uniquedata_passport_0003.jpg
passport_edge_00207_p01.jpg,data\pages\filler_text\passport_edge_00207_p01.jpg,passport_edge_00207.pdf,filler_text,pdf,1,3,0,0,,
passport_edge_00207_p02.jpg,data\pages\passport_edge\passport_edge_00207_p02.jpg,passport_edge_00207.pdf,passport_edge,pdf,2,3,1,1,rotated,uniquedata_passport_0003.jpg
passport_edge_00207_p03.jpg,data\pages\filler_text\passport_edge_00207_p03.jpg,passport_edge_00207.pdf,filler_text,pdf,3,3,0,0,,
passport_normal_00208_p01.jpg,data\pages\filler_text\passport_normal_00208_p01.jpg,passport_normal_00208.pdf,filler_text,pdf,1,3,0,0,,
passport_normal_00208_p02.jpg,data\pages\passport_normal\passport_normal_00208_p02.jpg,passport_normal_00208.pdf,passport_normal,pdf,2,3,1,0,gentle,uniquedata_passport_0004.jpg
passport_normal_00208_p03.jpg,data\pages\filler_text\passport_normal_00208_p03.jpg,passport_normal_00208.pdf,filler_text,pdf,3,3,0,0,,
passport_edge_00209_p01.jpg,data\pages\filler_text\passport_edge_00209_p01.jpg,passport_edge_00209.pdf,filler_text,pdf,1,4,0,0,,
passport_edge_00209_p02.jpg,data\pages\filler_text\passport_edge_00209_p02.jpg,passport_edge_00209.pdf,filler_text,pdf,2,4,0,0,,
passport_edge_00209_p03.jpg,data\pages\passport_edge\passport_edge_00209_p03.jpg,passport_edge_00209.pdf,passport_edge,pdf,3,4,1,1,pixelated,uniquedata_passport_0004.jpg
passport_normal_00210_p01.jpg,data\pages\filler_text\passport_normal_00210_p01.jpg,passport_normal_00210.docx,filler_text,docx,1,3,0,0,,
passport_normal_00210_p02.jpg,data\pages\passport_normal\passport_normal_00210_p02.jpg,passport_normal_00210.docx,passport_normal,docx,2,3,1,0,gentle,uniquedata_passport_0005.jpg
passport_normal_00210_p03.jpg,data\pages\filler_text\passport_normal_00210_p03.jpg,passport_normal_00210.docx,filler_text,docx,3,3,0,0,,
passport_edge_00211_p01.jpg,data\pages\filler_text\passport_edge_00211_p01.jpg,passport_edge_00211.pdf,filler_text,pdf,1,3,0,0,,
passport_edge_00211_p02.jpg,data\pages\filler_text\passport_edge_00211_p02.jpg,passport_edge_00211.pdf,filler_text,pdf,2,3,0,0,,
passport_edge_00211_p03.jpg,data\pages\passport_edge\passport_edge_00211_p03.jpg,passport_edge_00211.pdf,passport_edge,pdf,3,3,1,1,blur,uniquedata_passport_0005.jpg
passport_normal_00212_p01.jpg,data\pages\passport_normal\passport_normal_00212_p01.jpg,passport_normal_00212.pdf,passport_normal,pdf,1,2,1,0,none,uniquedata_passport_0006.jpg
passport_normal_00212_p02.jpg,data\pages\filler_text\passport_normal_00212_p02.jpg,passport_normal_00212.pdf,filler_text,pdf,2,2,0,0,,
passport_edge_00213_p01.jpg,data\pages\filler_text\passport_edge_00213_p01.jpg,passport_edge_00213.docx,filler_text,docx,1,4,0,0,,
passport_edge_00213_p02.jpg,data\pages\passport_edge\passport_edge_00213_p02.jpg,passport_edge_00213.docx,passport_edge,docx,2,4,1,1,photocopy,uniquedata_passport_0006.jpg
passport_edge_00213_p03.jpg,data\pages\filler_text\passport_edge_00213_p03.jpg,passport_edge_00213.docx,filler_text,docx,3,4,0,0,,
passport_normal_00214_p01.jpg,data\pages\passport_normal\passport_normal_00214_p01.jpg,passport_normal_00214.pdf,passport_normal,pdf,1,3,1,0,gentle,uniquedata_passport_0007.jpg
passport_normal_00214_p02.jpg,data\pages\filler_text\passport_normal_00214_p02.jpg,passport_normal_00214.pdf,filler_text,pdf,2,3,0,0,,
passport_normal_00214_p03.jpg,data\pages\filler_text\passport_normal_00214_p03.jpg,passport_normal_00214.pdf,filler_text,pdf,3,3,0,0,,
passport_edge_00215_p01.jpg,data\pages\filler_text\passport_edge_00215_p01.jpg,passport_edge_00215.pdf,filler_text,pdf,1,3,0,0,,
passport_edge_00215_p02.jpg,data\pages\passport_edge\passport_edge_00215_p02.jpg,passport_edge_00215.pdf,passport_edge,pdf,2,3,1,1,photocopy,uniquedata_passport_0007.jpg
passport_edge_00215_p03.jpg,data\pages\filler_text\passport_edge_00215_p03.jpg,passport_edge_00215.pdf,filler_text,pdf,3,3,0,0,,
passport_normal_00216_p01.jpg,data\pages\passport_normal\passport_normal_00216_p01.jpg,passport_normal_00216.pdf,passport_normal,pdf,1,3,1,0,gentle,uniquedata_passport_0008.jpg
passport_normal_00216_p02.jpg,data\pages\filler_text\passport_normal_00216_p02.jpg,passport_normal_00216.pdf,filler_text,pdf,2,3,0,0,,
passport_normal_00216_p03.jpg,data\pages\filler_text\passport_normal_00216_p03.jpg,passport_normal_00216.pdf,filler_text,pdf,3,3,0,0,,
passport_edge_00217_p01.jpg,data\pages\filler_text\passport_edge_00217_p01.jpg,passport_edge_00217.pdf,filler_text,pdf,1,4,0,0,,
passport_edge_00217_p02.jpg,data\pages\passport_edge\passport_edge_00217_p02.jpg,passport_edge_00217.pdf,passport_edge,pdf,2,4,1,1,noise,uniquedata_passport_0008.jpg
passport_edge_00217_p03.jpg,data\pages\filler_text\passport_edge_00217_p03.jpg,passport_edge_00217.pdf,filler_text,pdf,3,4,0,0,,
passport_normal_00218_p01.jpg,data\pages\filler_text\passport_normal_00218_p01.jpg,passport_normal_00218.pdf,filler_text,pdf,1,4,0,0,,
passport_normal_00218_p02.jpg,data\pages\passport_normal\passport_normal_00218_p02.jpg,passport_normal_00218.pdf,passport_normal,pdf,2,4,1,0,gentle,uniquedata_passport_0009.jpg
passport_normal_00218_p03.jpg,data\pages\filler_text\passport_normal_00218_p03.jpg,passport_normal_00218.pdf,filler_text,pdf,3,4,0,0,,
passport_edge_00219_p01.jpg,data\pages\passport_edge\passport_edge_00219_p01.jpg,passport_edge_00219.pdf,passport_edge,pdf,1,4,1,1,shadow,uniquedata_passport_0009.jpg
passport_edge_00219_p02.jpg,data\pages\filler_text\passport_edge_00219_p02.jpg,passport_edge_00219.pdf,filler_text,pdf,2,4,0,0,,
passport_edge_00219_p03.jpg,data\pages\filler_text\passport_edge_00219_p03.jpg,passport_edge_00219.pdf,filler_text,pdf,3,4,0,0,,
passport_normal_00220_p01.jpg,data\pages\filler_text\passport_normal_00220_p01.jpg,passport_normal_00220.pdf,filler_text,pdf,1,2,0,0,,
passport_normal_00220_p02.jpg,data\pages\passport_normal\passport_normal_00220_p02.jpg,passport_normal_00220.pdf,passport_normal,pdf,2,2,1,0,gentle,uniquedata_passport_0010.jpg
passport_edge_00221_p01.jpg,data\pages\filler_text\passport_edge_00221_p01.jpg,passport_edge_00221.docx,filler_text,docx,1,3,0,0,,
passport_edge_00221_p02.jpg,data\pages\passport_edge\passport_edge_00221_p02.jpg,passport_edge_00221.docx,passport_edge,docx,2,3,1,1,noise,uniquedata_passport_0010.jpg
passport_edge_00221_p03.jpg,data\pages\filler_text\passport_edge_00221_p03.jpg,passport_edge_00221.docx,filler_text,docx,3,3,0,0,,
passport_normal_00222_p01.jpg,data\pages\passport_normal\passport_normal_00222_p01.jpg,passport_normal_00222.pdf,passport_normal,pdf,1,4,1,0,gentle,uniquedata_passport_0011.jpg
passport_normal_00222_p02.jpg,data\pages\filler_text\passport_normal_00222_p02.jpg,passport_normal_00222.pdf,filler_text,pdf,2,4,0,0,,
passport_normal_00222_p03.jpg,data\pages\filler_text\passport_normal_00222_p03.jpg,passport_normal_00222.pdf,filler_text,pdf,3,4,0,0,,
passport_edge_00223_p01.jpg,data\pages\passport_edge\passport_edge_00223_p01.jpg,passport_edge_00223.pdf,passport_edge,pdf,1,2,1,1,pixelated,uniquedata_passport_0011.jpg
passport_edge_00223_p02.jpg,data\pages\filler_text\passport_edge_00223_p02.jpg,passport_edge_00223.pdf,filler_text,pdf,2,2,0,0,,
passport_normal_00224_p01.jpg,data\pages\filler_text\passport_normal_00224_p01.jpg,passport_normal_00224.pdf,filler_text,pdf,1,4,0,0,,
passport_normal_00224_p02.jpg,data\pages\filler_text\passport_normal_00224_p02.jpg,passport_normal_00224.pdf,filler_text,pdf,2,4,0,0,,
passport_normal_00224_p03.jpg,data\pages\passport_normal\passport_normal_00224_p03.jpg,passport_normal_00224.pdf,passport_normal,pdf,3,4,1,0,gentle,uniquedata_passport_0012.jpg
passport_edge_00225_p01.jpg,data\pages\passport_edge\passport_edge_00225_p01.jpg,passport_edge_00225.pdf,passport_edge,pdf,1,2,1,1,rotated,uniquedata_passport_0012.jpg
passport_edge_00225_p02.jpg,data\pages\filler_text\passport_edge_00225_p02.jpg,passport_edge_00225.pdf,filler_text,pdf,2,2,0,0,,
passport_normal_00226_p01.jpg,data\pages\filler_text\passport_normal_00226_p01.jpg,passport_normal_00226.pdf,filler_text,pdf,1,3,0,0,,
passport_normal_00226_p02.jpg,data\pages\filler_text\passport_normal_00226_p02.jpg,passport_normal_00226.pdf,filler_text,pdf,2,3,0,0,,
passport_normal_00226_p03.jpg,data\pages\passport_normal\passport_normal_00226_p03.jpg,passport_normal_00226.pdf,passport_normal,pdf,3,3,1,0,gentle,uniquedata_passport_0013.jpg
passport_edge_00227_p01.jpg,data\pages\filler_text\passport_edge_00227_p01.jpg,passport_edge_00227.docx,filler_text,docx,1,3,0,0,,
passport_edge_00227_p02.jpg,data\pages\passport_edge\passport_edge_00227_p02.jpg,passport_edge_00227.docx,passport_edge,docx,2,3,1,1,pixelated,uniquedata_passport_0013.jpg
passport_edge_00227_p03.jpg,data\pages\filler_text\passport_edge_00227_p03.jpg,passport_edge_00227.docx,filler_text,docx,3,3,0,0,,
passport_normal_00228_p01.jpg,data\pages\filler_text\passport_normal_00228_p01.jpg,passport_normal_00228.pdf,filler_text,pdf,1,4,0,0,,
passport_normal_00228_p02.jpg,data\pages\filler_text\passport_normal_00228_p02.jpg,passport_normal_00228.pdf,filler_text,pdf,2,4,0,0,,
passport_normal_00228_p03.jpg,data\pages\passport_normal\passport_normal_00228_p03.jpg,passport_normal_00228.pdf,passport_normal,pdf,3,4,1,0,none,uniquedata_passport_0014.jpg
passport_edge_00229_p01.jpg,data\pages\passport_edge\passport_edge_00229_p01.jpg,passport_edge_00229.pdf,passport_edge,pdf,1,3,1,1,blur,uniquedata_passport_0014.jpg
passport_edge_00229_p02.jpg,data\pages\filler_text\passport_edge_00229_p02.jpg,passport_edge_00229.pdf,filler_text,pdf,2,3,0,0,,
passport_edge_00229_p03.jpg,data\pages\filler_text\passport_edge_00229_p03.jpg,passport_edge_00229.pdf,filler_text,pdf,3,3,0,0,,
passport_normal_00230_p01.jpg,data\pages\filler_text\passport_normal_00230_p01.jpg,passport_normal_00230.pdf,filler_text,pdf,1,2,0,0,,
passport_normal_00230_p02.jpg,data\pages\passport_normal\passport_normal_00230_p02.jpg,passport_normal_00230.pdf,passport_normal,pdf,2,2,1,0,gentle,uniquedata_passport_0015.jpg
passport_edge_00231_p01.jpg,data\pages\filler_text\passport_edge_00231_p01.jpg,passport_edge_00231.docx,filler_text,docx,1,2,0,0,,
passport_edge_00231_p02.jpg,data\pages\passport_edge\passport_edge_00231_p02.jpg,passport_edge_00231.docx,passport_edge,docx,2,2,1,1,rotated,uniquedata_passport_0015.jpg
passport_normal_00232_p01.jpg,data\pages\filler_text\passport_normal_00232_p01.jpg,passport_normal_00232.pdf,filler_text,pdf,1,4,0,0,,
passport_normal_00232_p02.jpg,data\pages\filler_text\passport_normal_00232_p02.jpg,passport_normal_00232.pdf,filler_text,pdf,2,4,0,0,,
passport_normal_00232_p03.jpg,data\pages\passport_normal\passport_normal_00232_p03.jpg,passport_normal_00232.pdf,passport_normal,pdf,3,4,1,0,gentle,uniquedata_passport_0016.jpg
passport_edge_00233_p01.jpg,data\pages\filler_text\passport_edge_00233_p01.jpg,passport_edge_00233.pdf,filler_text,pdf,1,4,0,0,,
passport_edge_00233_p02.jpg,data\pages\filler_text\passport_edge_00233_p02.jpg,passport_edge_00233.pdf,filler_text,pdf,2,4,0,0,,
passport_edge_00233_p04.jpg,data\pages\passport_edge\passport_edge_00233_p04.jpg,passport_edge_00233.pdf,passport_edge,pdf,4,4,1,1,photocopy,uniquedata_passport_0016.jpg
passport_normal_00234_p01.jpg,data\pages\filler_text\passport_normal_00234_p01.jpg,passport_normal_00234.pdf,filler_text,pdf,1,3,0,0,,
passport_normal_00234_p02.jpg,data\pages\passport_normal\passport_normal_00234_p02.jpg,passport_normal_00234.pdf,passport_normal,pdf,2,3,1,0,gentle,uniquedata_passport_0017.jpg
passport_normal_00234_p03.jpg,data\pages\filler_text\passport_normal_00234_p03.jpg,passport_normal_00234.pdf,filler_text,pdf,3,3,0,0,,
passport_edge_00235_p01.jpg,data\pages\filler_text\passport_edge_00235_p01.jpg,passport_edge_00235.pdf,filler_text,pdf,1,3,0,0,,
passport_edge_00235_p02.jpg,data\pages\passport_edge\passport_edge_00235_p02.jpg,passport_edge_00235.pdf,passport_edge,pdf,2,3,1,1,shadow,uniquedata_passport_0017.jpg
passport_edge_00235_p03.jpg,data\pages\filler_text\passport_edge_00235_p03.jpg,passport_edge_00235.pdf,filler_text,pdf,3,3,0,0,,
passport_normal_00236_p01.jpg,data\pages\passport_normal\passport_normal_00236_p01.jpg,passport_normal_00236.pdf,passport_normal,pdf,1,2,1,0,gentle,uniquedata_passport_0018.jpg
passport_normal_00236_p02.jpg,data\pages\filler_text\passport_normal_00236_p02.jpg,passport_normal_00236.pdf,filler_text,pdf,2,2,0,0,,
passport_edge_00237_p01.jpg,data\pages\filler_text\passport_edge_00237_p01.jpg,passport_edge_00237.pdf,filler_text,pdf,1,4,0,0,,
passport_edge_00237_p02.jpg,data\pages\filler_text\passport_edge_00237_p02.jpg,passport_edge_00237.pdf,filler_text,pdf,2,4,0,0,,
passport_edge_00237_p03.jpg,data\pages\passport_edge\passport_edge_00237_p03.jpg,passport_edge_00237.pdf,passport_edge,pdf,3,4,1,1,noise,uniquedata_passport_0018.jpg
passport_normal_00238_p01.jpg,data\pages\filler_text\passport_normal_00238_p01.jpg,passport_normal_00238.docx,filler_text,docx,1,3,0,0,,
passport_normal_00238_p02.jpg,data\pages\passport_normal\passport_normal_00238_p02.jpg,passport_normal_00238.docx,passport_normal,docx,2,3,1,0,gentle,uniquedata_passport_0019.jpg
passport_normal_00238_p03.jpg,data\pages\filler_text\passport_normal_00238_p03.jpg,passport_normal_00238.docx,filler_text,docx,3,3,0,0,,
passport_edge_00239_p01.jpg,data\pages\filler_text\passport_edge_00239_p01.jpg,passport_edge_00239.pdf,filler_text,pdf,1,3,0,0,,
passport_edge_00239_p02.jpg,data\pages\filler_text\passport_edge_00239_p02.jpg,passport_edge_00239.pdf,filler_text,pdf,2,3,0,0,,
passport_edge_00239_p03.jpg,data\pages\passport_edge\passport_edge_00239_p03.jpg,passport_edge_00239.pdf,passport_edge,pdf,3,3,1,1,pixelated,uniquedata_passport_0019.jpg
passport_normal_00240_p01.jpg,data\pages\passport_normal\passport_normal_00240_p01.jpg,passport_normal_00240.pdf,passport_normal,pdf,1,3,1,0,gentle,uniquedata_passport_0020.jpg
passport_normal_00240_p02.jpg,data\pages\filler_text\passport_normal_00240_p02.jpg,passport_normal_00240.pdf,filler_text,pdf,2,3,0,0,,
passport_normal_00240_p03.jpg,data\pages\filler_text\passport_normal_00240_p03.jpg,passport_normal_00240.pdf,filler_text,pdf,3,3,0,0,,
passport_edge_00241_p01.jpg,data\pages\filler_text\passport_edge_00241_p01.jpg,passport_edge_00241.pdf,filler_text,pdf,1,4,0,0,,
passport_edge_00241_p02.jpg,data\pages\filler_text\passport_edge_00241_p02.jpg,passport_edge_00241.pdf,filler_text,pdf,2,4,0,0,,
passport_edge_00241_p04.jpg,data\pages\passport_edge\passport_edge_00241_p04.jpg,passport_edge_00241.pdf,passport_edge,pdf,4,4,1,1,shadow,uniquedata_passport_0020.jpg
passport_normal_00242_p01.jpg,data\pages\filler_text\passport_normal_00242_p01.jpg,passport_normal_00242.pdf,filler_text,pdf,1,3,0,0,,
passport_normal_00242_p02.jpg,data\pages\filler_text\passport_normal_00242_p02.jpg,passport_normal_00242.pdf,filler_text,pdf,2,3,0,0,,
passport_normal_00242_p03.jpg,data\pages\passport_normal\passport_normal_00242_p03.jpg,passport_normal_00242.pdf,passport_normal,pdf,3,3,1,0,none,uniquedata_passport_0021.jpg
passport_edge_00243_p01.jpg,data\pages\passport_edge\passport_edge_00243_p01.jpg,passport_edge_00243.pdf,passport_edge,pdf,1,3,1,1,noise,uniquedata_passport_0021.jpg
passport_edge_00243_p02.jpg,data\pages\filler_text\passport_edge_00243_p02.jpg,passport_edge_00243.pdf,filler_text,pdf,2,3,0,0,,
passport_edge_00243_p03.jpg,data\pages\filler_text\passport_edge_00243_p03.jpg,passport_edge_00243.pdf,filler_text,pdf,3,3,0,0,,
negative_normal_00244_p01.jpg,data\pages\negative_normal\negative_normal_00244_p01.jpg,negative_normal_00244.docx,negative_normal,docx,1,3,0,0,,
negative_normal_00244_p02.jpg,data\pages\negative_normal\negative_normal_00244_p02.jpg,negative_normal_00244.docx,negative_normal,docx,2,3,0,0,gentle,0.jpg
negative_normal_00244_p03.jpg,data\pages\negative_normal\negative_normal_00244_p03.jpg,negative_normal_00244.docx,negative_normal,docx,3,3,0,0,,
negative_edge_00245_p01.jpg,data\pages\negative_edge\negative_edge_00245_p01.jpg,negative_edge_00245.pdf,negative_edge,pdf,1,4,0,0,,
negative_edge_00245_p02.jpg,data\pages\negative_edge\negative_edge_00245_p02.jpg,negative_edge_00245.pdf,negative_edge,pdf,2,4,0,0,,
negative_edge_00245_p04.jpg,data\pages\negative_edge\negative_edge_00245_p04.jpg,negative_edge_00245.pdf,negative_edge,pdf,4,4,0,1,rotated,0.jpg
negative_normal_00246_p01.jpg,data\pages\negative_normal\negative_normal_00246_p01.jpg,negative_normal_00246.pdf,negative_normal,pdf,1,4,0,0,,
negative_normal_00246_p02.jpg,data\pages\negative_normal\negative_normal_00246_p02.jpg,negative_normal_00246.pdf,negative_normal,pdf,2,4,0,0,gentle,1.jpg
negative_normal_00246_p03.jpg,data\pages\negative_normal\negative_normal_00246_p03.jpg,negative_normal_00246.pdf,negative_normal,pdf,3,4,0,0,,
negative_edge_00247_p01.jpg,data\pages\negative_edge\negative_edge_00247_p01.jpg,negative_edge_00247.pdf,negative_edge,pdf,1,2,0,0,,
negative_edge_00247_p02.jpg,data\pages\negative_edge\negative_edge_00247_p02.jpg,negative_edge_00247.pdf,negative_edge,pdf,2,2,0,1,shadow,1.jpg
negative_normal_00248_p01.jpg,data\pages\negative_normal\negative_normal_00248_p01.jpg,negative_normal_00248.docx,negative_normal,docx,1,3,0,0,gentle,10.jpg
negative_normal_00248_p02.jpg,data\pages\negative_normal\negative_normal_00248_p02.jpg,negative_normal_00248.docx,negative_normal,docx,2,3,0,0,,
negative_normal_00248_p03.jpg,data\pages\negative_normal\negative_normal_00248_p03.jpg,negative_normal_00248.docx,negative_normal,docx,3,3,0,0,,
negative_edge_00249_p01.jpg,data\pages\negative_edge\negative_edge_00249_p01.jpg,negative_edge_00249.pdf,negative_edge,pdf,1,3,0,0,,
negative_edge_00249_p02.jpg,data\pages\negative_edge\negative_edge_00249_p02.jpg,negative_edge_00249.pdf,negative_edge,pdf,2,3,0,0,,
negative_edge_00249_p03.jpg,data\pages\negative_edge\negative_edge_00249_p03.jpg,negative_edge_00249.pdf,negative_edge,pdf,3,3,0,1,rotated,10.jpg
negative_normal_00250_p01.jpg,data\pages\negative_normal\negative_normal_00250_p01.jpg,negative_normal_00250.docx,negative_normal,docx,1,2,0,0,,
negative_normal_00250_p02.jpg,data\pages\negative_normal\negative_normal_00250_p02.jpg,negative_normal_00250.docx,negative_normal,docx,2,2,0,0,gentle,11.jpg
negative_edge_00251_p01.jpg,data\pages\negative_edge\negative_edge_00251_p01.jpg,negative_edge_00251.pdf,negative_edge,pdf,1,2,0,0,,
negative_edge_00251_p02.jpg,data\pages\negative_edge\negative_edge_00251_p02.jpg,negative_edge_00251.pdf,negative_edge,pdf,2,2,0,1,blur,11.jpg
negative_normal_00252_p01.jpg,data\pages\negative_normal\negative_normal_00252_p01.jpg,negative_normal_00252.docx,negative_normal,docx,1,4,0,0,,
negative_normal_00252_p02.jpg,data\pages\negative_normal\negative_normal_00252_p02.jpg,negative_normal_00252.docx,negative_normal,docx,2,4,0,0,,
negative_normal_00252_p03.jpg,data\pages\negative_normal\negative_normal_00252_p03.jpg,negative_normal_00252.docx,negative_normal,docx,3,4,0,0,gentle,12.jpg
negative_edge_00253_p01.jpg,data\pages\negative_edge\negative_edge_00253_p01.jpg,negative_edge_00253.pdf,negative_edge,pdf,1,4,0,0,,
negative_edge_00253_p02.jpg,data\pages\negative_edge\negative_edge_00253_p02.jpg,negative_edge_00253.pdf,negative_edge,pdf,2,4,0,1,noise,12.jpg
negative_edge_00253_p03.jpg,data\pages\negative_edge\negative_edge_00253_p03.jpg,negative_edge_00253.pdf,negative_edge,pdf,3,4,0,0,,
negative_normal_00254_p01.jpg,data\pages\negative_normal\negative_normal_00254_p01.jpg,negative_normal_00254.pdf,negative_normal,pdf,1,2,0,0,none,13.jpg
negative_normal_00254_p02.jpg,data\pages\negative_normal\negative_normal_00254_p02.jpg,negative_normal_00254.pdf,negative_normal,pdf,2,2,0,0,,
negative_edge_00255_p01.jpg,data\pages\negative_edge\negative_edge_00255_p01.jpg,negative_edge_00255.pdf,negative_edge,pdf,1,3,0,0,,
negative_edge_00255_p02.jpg,data\pages\negative_edge\negative_edge_00255_p02.jpg,negative_edge_00255.pdf,negative_edge,pdf,2,3,0,1,blur,13.jpg
negative_edge_00255_p03.jpg,data\pages\negative_edge\negative_edge_00255_p03.jpg,negative_edge_00255.pdf,negative_edge,pdf,3,3,0,0,,
negative_normal_00256_p01.jpg,data\pages\negative_normal\negative_normal_00256_p01.jpg,negative_normal_00256.docx,negative_normal,docx,1,3,0,0,,
negative_normal_00256_p02.jpg,data\pages\negative_normal\negative_normal_00256_p02.jpg,negative_normal_00256.docx,negative_normal,docx,2,3,0,0,gentle,14.jpg
negative_normal_00256_p03.jpg,data\pages\negative_normal\negative_normal_00256_p03.jpg,negative_normal_00256.docx,negative_normal,docx,3,3,0,0,,
negative_edge_00257_p01.jpg,data\pages\negative_edge\negative_edge_00257_p01.jpg,negative_edge_00257.pdf,negative_edge,pdf,1,4,0,0,,
negative_edge_00257_p02.jpg,data\pages\negative_edge\negative_edge_00257_p02.jpg,negative_edge_00257.pdf,negative_edge,pdf,2,4,0,0,,
negative_edge_00257_p03.jpg,data\pages\negative_edge\negative_edge_00257_p03.jpg,negative_edge_00257.pdf,negative_edge,pdf,3,4,0,1,shadow,14.jpg
negative_normal_00258_p01.jpg,data\pages\negative_normal\negative_normal_00258_p01.jpg,negative_normal_00258.pdf,negative_normal,pdf,1,2,0,0,,
negative_normal_00258_p02.jpg,data\pages\negative_normal\negative_normal_00258_p02.jpg,negative_normal_00258.pdf,negative_normal,pdf,2,2,0,0,gentle,15.jpg
negative_edge_00259_p01.jpg,data\pages\negative_edge\negative_edge_00259_p01.jpg,negative_edge_00259.pdf,negative_edge,pdf,1,2,0,1,noise,15.jpg
negative_edge_00259_p02.jpg,data\pages\negative_edge\negative_edge_00259_p02.jpg,negative_edge_00259.pdf,negative_edge,pdf,2,2,0,0,,
negative_normal_00260_p01.jpg,data\pages\negative_normal\negative_normal_00260_p01.jpg,negative_normal_00260.docx,negative_normal,docx,1,3,0,0,,
negative_normal_00260_p02.jpg,data\pages\negative_normal\negative_normal_00260_p02.jpg,negative_normal_00260.docx,negative_normal,docx,2,3,0,0,gentle,16.jpg
negative_normal_00260_p03.jpg,data\pages\negative_normal\negative_normal_00260_p03.jpg,negative_normal_00260.docx,negative_normal,docx,3,3,0,0,,
negative_edge_00261_p01.jpg,data\pages\negative_edge\negative_edge_00261_p01.jpg,negative_edge_00261.docx,negative_edge,docx,1,3,0,0,,
negative_edge_00261_p02.jpg,data\pages\negative_edge\negative_edge_00261_p02.jpg,negative_edge_00261.docx,negative_edge,docx,2,3,0,1,shadow,16.jpg
negative_edge_00261_p03.jpg,data\pages\negative_edge\negative_edge_00261_p03.jpg,negative_edge_00261.docx,negative_edge,docx,3,3,0,0,,
negative_normal_00262_p01.jpg,data\pages\negative_normal\negative_normal_00262_p01.jpg,negative_normal_00262.docx,negative_normal,docx,1,3,0,0,,
negative_normal_00262_p02.jpg,data\pages\negative_normal\negative_normal_00262_p02.jpg,negative_normal_00262.docx,negative_normal,docx,2,3,0,0,gentle,17.jpg
negative_normal_00262_p03.jpg,data\pages\negative_normal\negative_normal_00262_p03.jpg,negative_normal_00262.docx,negative_normal,docx,3,3,0,0,,
negative_edge_00263_p01.jpg,data\pages\negative_edge\negative_edge_00263_p01.jpg,negative_edge_00263.pdf,negative_edge,pdf,1,3,0,0,,
negative_edge_00263_p02.jpg,data\pages\negative_edge\negative_edge_00263_p02.jpg,negative_edge_00263.pdf,negative_edge,pdf,2,3,0,0,,
negative_edge_00263_p03.jpg,data\pages\negative_edge\negative_edge_00263_p03.jpg,negative_edge_00263.pdf,negative_edge,pdf,3,3,0,1,rotated,17.jpg
negative_normal_00264_p01.jpg,data\pages\negative_normal\negative_normal_00264_p01.jpg,negative_normal_00264.docx,negative_normal,docx,1,3,0,0,,
negative_normal_00264_p02.jpg,data\pages\negative_normal\negative_normal_00264_p02.jpg,negative_normal_00264.docx,negative_normal,docx,2,3,0,0,,
negative_normal_00264_p03.jpg,data\pages\negative_normal\negative_normal_00264_p03.jpg,negative_normal_00264.docx,negative_normal,docx,3,3,0,0,gentle,18.jpg
negative_edge_00265_p01.jpg,data\pages\negative_edge\negative_edge_00265_p01.jpg,negative_edge_00265.pdf,negative_edge,pdf,1,3,0,1,pixelated,18.jpg
negative_edge_00265_p02.jpg,data\pages\negative_edge\negative_edge_00265_p02.jpg,negative_edge_00265.pdf,negative_edge,pdf,2,3,0,0,,
negative_edge_00265_p03.jpg,data\pages\negative_edge\negative_edge_00265_p03.jpg,negative_edge_00265.pdf,negative_edge,pdf,3,3,0,0,,
negative_normal_00266_p01.jpg,data\pages\negative_normal\negative_normal_00266_p01.jpg,negative_normal_00266.docx,negative_normal,docx,1,2,0,0,,
negative_normal_00266_p02.jpg,data\pages\negative_normal\negative_normal_00266_p02.jpg,negative_normal_00266.docx,negative_normal,docx,2,2,0,0,gentle,19.jpg
negative_edge_00267_p01.jpg,data\pages\negative_edge\negative_edge_00267_p01.jpg,negative_edge_00267.pdf,negative_edge,pdf,1,4,0,0,,
negative_edge_00267_p02.jpg,data\pages\negative_edge\negative_edge_00267_p02.jpg,negative_edge_00267.pdf,negative_edge,pdf,2,4,0,0,,
negative_edge_00267_p03.jpg,data\pages\negative_edge\negative_edge_00267_p03.jpg,negative_edge_00267.pdf,negative_edge,pdf,3,4,0,1,shadow,19.jpg
negative_normal_00268_p01.jpg,data\pages\negative_normal\negative_normal_00268_p01.jpg,negative_normal_00268.pdf,negative_normal,pdf,1,4,0,0,gentle,2.jpg
negative_normal_00268_p02.jpg,data\pages\negative_normal\negative_normal_00268_p02.jpg,negative_normal_00268.pdf,negative_normal,pdf,2,4,0,0,,
negative_normal_00268_p03.jpg,data\pages\negative_normal\negative_normal_00268_p03.jpg,negative_normal_00268.pdf,negative_normal,pdf,3,4,0,0,,
negative_edge_00269_p01.jpg,data\pages\negative_edge\negative_edge_00269_p01.jpg,negative_edge_00269.pdf,negative_edge,pdf,1,2,0,1,noise,2.jpg
negative_edge_00269_p02.jpg,data\pages\negative_edge\negative_edge_00269_p02.jpg,negative_edge_00269.pdf,negative_edge,pdf,2,2,0,0,,
negative_normal_00270_p01.jpg,data\pages\negative_normal\negative_normal_00270_p01.jpg,negative_normal_00270.pdf,negative_normal,pdf,1,4,0,0,,
negative_normal_00270_p02.jpg,data\pages\negative_normal\negative_normal_00270_p02.jpg,negative_normal_00270.pdf,negative_normal,pdf,2,4,0,0,,
negative_normal_00270_p03.jpg,data\pages\negative_normal\negative_normal_00270_p03.jpg,negative_normal_00270.pdf,negative_normal,pdf,3,4,0,0,gentle,3.jpg
negative_edge_00271_p01.jpg,data\pages\negative_edge\negative_edge_00271_p01.jpg,negative_edge_00271.pdf,negative_edge,pdf,1,2,0,1,rotated,3.jpg
negative_edge_00271_p02.jpg,data\pages\negative_edge\negative_edge_00271_p02.jpg,negative_edge_00271.pdf,negative_edge,pdf,2,2,0,0,,
negative_normal_00272_p01.jpg,data\pages\negative_normal\negative_normal_00272_p01.jpg,negative_normal_00272.pdf,negative_normal,pdf,1,2,0,0,gentle,4.jpg
negative_normal_00272_p02.jpg,data\pages\negative_normal\negative_normal_00272_p02.jpg,negative_normal_00272.pdf,negative_normal,pdf,2,2,0,0,,
negative_edge_00273_p01.jpg,data\pages\negative_edge\negative_edge_00273_p01.jpg,negative_edge_00273.docx,negative_edge,docx,1,3,0,0,,
negative_edge_00273_p02.jpg,data\pages\negative_edge\negative_edge_00273_p02.jpg,negative_edge_00273.docx,negative_edge,docx,2,3,0,1,rotated,4.jpg
negative_edge_00273_p03.jpg,data\pages\negative_edge\negative_edge_00273_p03.jpg,negative_edge_00273.docx,negative_edge,docx,3,3,0,0,,
negative_normal_00274_p01.jpg,data\pages\negative_normal\negative_normal_00274_p01.jpg,negative_normal_00274.docx,negative_normal,docx,1,3,0,0,,
negative_normal_00274_p02.jpg,data\pages\negative_normal\negative_normal_00274_p02.jpg,negative_normal_00274.docx,negative_normal,docx,2,3,0,0,gentle,5.jpg
negative_normal_00274_p03.jpg,data\pages\negative_normal\negative_normal_00274_p03.jpg,negative_normal_00274.docx,negative_normal,docx,3,3,0,0,,
negative_edge_00275_p01.jpg,data\pages\negative_edge\negative_edge_00275_p01.jpg,negative_edge_00275.pdf,negative_edge,pdf,1,3,0,0,,
negative_edge_00275_p02.jpg,data\pages\negative_edge\negative_edge_00275_p02.jpg,negative_edge_00275.pdf,negative_edge,pdf,2,3,0,1,pixelated,5.jpg
negative_edge_00275_p03.jpg,data\pages\negative_edge\negative_edge_00275_p03.jpg,negative_edge_00275.pdf,negative_edge,pdf,3,3,0,0,,
negative_normal_00276_p01.jpg,data\pages\negative_normal\negative_normal_00276_p01.jpg,negative_normal_00276.pdf,negative_normal,pdf,1,2,0,0,,
negative_normal_00276_p02.jpg,data\pages\negative_normal\negative_normal_00276_p02.jpg,negative_normal_00276.pdf,negative_normal,pdf,2,2,0,0,gentle,6.jpg
negative_edge_00277_p01.jpg,data\pages\negative_edge\negative_edge_00277_p01.jpg,negative_edge_00277.docx,negative_edge,docx,1,3,0,0,,
negative_edge_00277_p02.jpg,data\pages\negative_edge\negative_edge_00277_p02.jpg,negative_edge_00277.docx,negative_edge,docx,2,3,0,1,pixelated,6.jpg
negative_edge_00277_p03.jpg,data\pages\negative_edge\negative_edge_00277_p03.jpg,negative_edge_00277.docx,negative_edge,docx,3,3,0,0,,
negative_normal_00278_p01.jpg,data\pages\negative_normal\negative_normal_00278_p01.jpg,negative_normal_00278.docx,negative_normal,docx,1,4,0,0,,
negative_normal_00278_p02.jpg,data\pages\negative_normal\negative_normal_00278_p02.jpg,negative_normal_00278.docx,negative_normal,docx,2,4,0,0,gentle,7.jpg
negative_normal_00278_p03.jpg,data\pages\negative_normal\negative_normal_00278_p03.jpg,negative_normal_00278.docx,negative_normal,docx,3,4,0,0,,
negative_edge_00279_p01.jpg,data\pages\negative_edge\negative_edge_00279_p01.jpg,negative_edge_00279.pdf,negative_edge,pdf,1,3,0,1,rotated,7.jpg
negative_edge_00279_p02.jpg,data\pages\negative_edge\negative_edge_00279_p02.jpg,negative_edge_00279.pdf,negative_edge,pdf,2,3,0,0,,
negative_edge_00279_p03.jpg,data\pages\negative_edge\negative_edge_00279_p03.jpg,negative_edge_00279.pdf,negative_edge,pdf,3,3,0,0,,
negative_normal_00280_p01.jpg,data\pages\negative_normal\negative_normal_00280_p01.jpg,negative_normal_00280.pdf,negative_normal,pdf,1,4,0,0,,
negative_normal_00280_p02.jpg,data\pages\negative_normal\negative_normal_00280_p02.jpg,negative_normal_00280.pdf,negative_normal,pdf,2,4,0,0,,
negative_normal_00280_p04.jpg,data\pages\negative_normal\negative_normal_00280_p04.jpg,negative_normal_00280.pdf,negative_normal,pdf,4,4,0,0,gentle,8.jpg
negative_edge_00281_p01.jpg,data\pages\negative_edge\negative_edge_00281_p01.jpg,negative_edge_00281.docx,negative_edge,docx,1,4,0,0,,
negative_edge_00281_p02.jpg,data\pages\negative_edge\negative_edge_00281_p02.jpg,negative_edge_00281.docx,negative_edge,docx,2,4,0,1,shadow,8.jpg
negative_edge_00281_p03.jpg,data\pages\negative_edge\negative_edge_00281_p03.jpg,negative_edge_00281.docx,negative_edge,docx,3,4,0,0,,
negative_normal_00282_p01.jpg,data\pages\negative_normal\negative_normal_00282_p01.jpg,negative_normal_00282.pdf,negative_normal,pdf,1,4,0,0,,
negative_normal_00282_p02.jpg,data\pages\negative_normal\negative_normal_00282_p02.jpg,negative_normal_00282.pdf,negative_normal,pdf,2,4,0,0,,
negative_normal_00282_p04.jpg,data\pages\negative_normal\negative_normal_00282_p04.jpg,negative_normal_00282.pdf,negative_normal,pdf,4,4,0,0,gentle,9.jpg
negative_edge_00283_p01.jpg,data\pages\negative_edge\negative_edge_00283_p01.jpg,negative_edge_00283.docx,negative_edge,docx,1,3,0,0,,
negative_edge_00283_p02.jpg,data\pages\negative_edge\negative_edge_00283_p02.jpg,negative_edge_00283.docx,negative_edge,docx,2,3,0,1,photocopy,9.jpg
negative_edge_00283_p03.jpg,data\pages\negative_edge\negative_edge_00283_p03.jpg,negative_edge_00283.docx,negative_edge,docx,3,3,0,0,,
negative_normal_00284_p01.jpg,data\pages\negative_normal\negative_normal_00284_p01.jpg,negative_normal_00284.pdf,negative_normal,pdf,1,2,0,0,,
negative_normal_00284_p02.jpg,data\pages\negative_normal\negative_normal_00284_p02.jpg,negative_normal_00284.pdf,negative_normal,pdf,2,2,0,0,none,0.jpg
negative_edge_00285_p01.jpg,data\pages\negative_edge\negative_edge_00285_p01.jpg,negative_edge_00285.pdf,negative_edge,pdf,1,3,0,0,,
negative_edge_00285_p02.jpg,data\pages\negative_edge\negative_edge_00285_p02.jpg,negative_edge_00285.pdf,negative_edge,pdf,2,3,0,1,photocopy,0.jpg
negative_edge_00285_p03.jpg,data\pages\negative_edge\negative_edge_00285_p03.jpg,negative_edge_00285.pdf,negative_edge,pdf,3,3,0,0,,
negative_normal_00286_p01.jpg,data\pages\negative_normal\negative_normal_00286_p01.jpg,negative_normal_00286.pdf,negative_normal,pdf,1,4,0,0,,
negative_normal_00286_p02.jpg,data\pages\negative_normal\negative_normal_00286_p02.jpg,negative_normal_00286.pdf,negative_normal,pdf,2,4,0,0,,
negative_normal_00286_p03.jpg,data\pages\negative_normal\negative_normal_00286_p03.jpg,negative_normal_00286.pdf,negative_normal,pdf,3,4,0,0,gentle,1.jpg
negative_edge_00287_p01.jpg,data\pages\negative_edge\negative_edge_00287_p01.jpg,negative_edge_00287.pdf,negative_edge,pdf,1,3,0,0,,
negative_edge_00287_p02.jpg,data\pages\negative_edge\negative_edge_00287_p02.jpg,negative_edge_00287.pdf,negative_edge,pdf,2,3,0,0,,
negative_edge_00287_p03.jpg,data\pages\negative_edge\negative_edge_00287_p03.jpg,negative_edge_00287.pdf,negative_edge,pdf,3,3,0,1,noise,1.jpg
negative_normal_00288_p01.jpg,data\pages\negative_normal\negative_normal_00288_p01.jpg,negative_normal_00288.pdf,negative_normal,pdf,1,3,0,0,,
negative_normal_00288_p02.jpg,data\pages\negative_normal\negative_normal_00288_p02.jpg,negative_normal_00288.pdf,negative_normal,pdf,2,3,0,0,none,10.jpg
negative_normal_00288_p03.jpg,data\pages\negative_normal\negative_normal_00288_p03.jpg,negative_normal_00288.pdf,negative_normal,pdf,3,3,0,0,,
negative_edge_00289_p01.jpg,data\pages\negative_edge\negative_edge_00289_p01.jpg,negative_edge_00289.pdf,negative_edge,pdf,1,2,0,0,,
negative_edge_00289_p02.jpg,data\pages\negative_edge\negative_edge_00289_p02.jpg,negative_edge_00289.pdf,negative_edge,pdf,2,2,0,1,pixelated,10.jpg
negative_normal_00290_p01.jpg,data\pages\negative_normal\negative_normal_00290_p01.jpg,negative_normal_00290.docx,negative_normal,docx,1,4,0,0,,
negative_normal_00290_p02.jpg,data\pages\negative_normal\negative_normal_00290_p02.jpg,negative_normal_00290.docx,negative_normal,docx,2,4,0,0,gentle,11.jpg
negative_normal_00290_p03.jpg,data\pages\negative_normal\negative_normal_00290_p03.jpg,negative_normal_00290.docx,negative_normal,docx,3,4,0,0,,
negative_edge_00291_p01.jpg,data\pages\negative_edge\negative_edge_00291_p01.jpg,negative_edge_00291.pdf,negative_edge,pdf,1,4,0,0,,
negative_edge_00291_p02.jpg,data\pages\negative_edge\negative_edge_00291_p02.jpg,negative_edge_00291.pdf,negative_edge,pdf,2,4,0,0,,
negative_edge_00291_p03.jpg,data\pages\negative_edge\negative_edge_00291_p03.jpg,negative_edge_00291.pdf,negative_edge,pdf,3,4,0,1,photocopy,11.jpg
negative_normal_00292_p01.jpg,data\pages\negative_normal\negative_normal_00292_p01.jpg,negative_normal_00292.pdf,negative_normal,pdf,1,2,0,0,,
negative_normal_00292_p02.jpg,data\pages\negative_normal\negative_normal_00292_p02.jpg,negative_normal_00292.pdf,negative_normal,pdf,2,2,0,0,gentle,12.jpg
negative_edge_00293_p01.jpg,data\pages\negative_edge\negative_edge_00293_p01.jpg,negative_edge_00293.pdf,negative_edge,pdf,1,2,0,0,,
negative_edge_00293_p02.jpg,data\pages\negative_edge\negative_edge_00293_p02.jpg,negative_edge_00293.pdf,negative_edge,pdf,2,2,0,1,photocopy,12.jpg
negative_normal_00294_p01.jpg,data\pages\negative_normal\negative_normal_00294_p01.jpg,negative_normal_00294.pdf,negative_normal,pdf,1,4,0,0,none,13.jpg
negative_normal_00294_p02.jpg,data\pages\negative_normal\negative_normal_00294_p02.jpg,negative_normal_00294.pdf,negative_normal,pdf,2,4,0,0,,
negative_normal_00294_p03.jpg,data\pages\negative_normal\negative_normal_00294_p03.jpg,negative_normal_00294.pdf,negative_normal,pdf,3,4,0,0,,
negative_edge_00295_p01.jpg,data\pages\negative_edge\negative_edge_00295_p01.jpg,negative_edge_00295.pdf,negative_edge,pdf,1,3,0,0,,
negative_edge_00295_p02.jpg,data\pages\negative_edge\negative_edge_00295_p02.jpg,negative_edge_00295.pdf,negative_edge,pdf,2,3,0,0,,
negative_edge_00295_p03.jpg,data\pages\negative_edge\negative_edge_00295_p03.jpg,negative_edge_00295.pdf,negative_edge,pdf,3,3,0,1,photocopy,13.jpg
negative_normal_00296_p01.jpg,data\pages\negative_normal\negative_normal_00296_p01.jpg,negative_normal_00296.pdf,negative_normal,pdf,1,3,0,0,,
negative_normal_00296_p02.jpg,data\pages\negative_normal\negative_normal_00296_p02.jpg,negative_normal_00296.pdf,negative_normal,pdf,2,3,0,0,none,14.jpg
negative_normal_00296_p03.jpg,data\pages\negative_normal\negative_normal_00296_p03.jpg,negative_normal_00296.pdf,negative_normal,pdf,3,3,0,0,,
negative_edge_00297_p01.jpg,data\pages\negative_edge\negative_edge_00297_p01.jpg,negative_edge_00297.pdf,negative_edge,pdf,1,2,0,1,pixelated,14.jpg
negative_edge_00297_p02.jpg,data\pages\negative_edge\negative_edge_00297_p02.jpg,negative_edge_00297.pdf,negative_edge,pdf,2,2,0,0,,
negative_normal_00298_p01.jpg,data\pages\negative_normal\negative_normal_00298_p01.jpg,negative_normal_00298.docx,negative_normal,docx,1,4,0,0,,
negative_normal_00298_p02.jpg,data\pages\negative_normal\negative_normal_00298_p02.jpg,negative_normal_00298.docx,negative_normal,docx,2,4,0,0,,
negative_normal_00298_p03.jpg,data\pages\negative_normal\negative_normal_00298_p03.jpg,negative_normal_00298.docx,negative_normal,docx,3,4,0,0,none,15.jpg
negative_edge_00299_p01.jpg,data\pages\negative_edge\negative_edge_00299_p01.jpg,negative_edge_00299.pdf,negative_edge,pdf,1,3,0,0,,
negative_edge_00299_p02.jpg,data\pages\negative_edge\negative_edge_00299_p02.jpg,negative_edge_00299.pdf,negative_edge,pdf,2,3,0,0,,
negative_edge_00299_p03.jpg,data\pages\negative_edge\negative_edge_00299_p03.jpg,negative_edge_00299.pdf,negative_edge,pdf,3,3,0,1,shadow,15.jpg
negative_normal_00300_p01.jpg,data\pages\negative_normal\negative_normal_00300_p01.jpg,negative_normal_00300.pdf,negative_normal,pdf,1,4,0,0,gentle,16.jpg
negative_normal_00300_p02.jpg,data\pages\negative_normal\negative_normal_00300_p02.jpg,negative_normal_00300.pdf,negative_normal,pdf,2,4,0,0,,
negative_normal_00300_p03.jpg,data\pages\negative_normal\negative_normal_00300_p03.jpg,negative_normal_00300.pdf,negative_normal,pdf,3,4,0,0,,
negative_edge_00301_p01.jpg,data\pages\negative_edge\negative_edge_00301_p01.jpg,negative_edge_00301.pdf,negative_edge,pdf,1,3,0,1,photocopy,16.jpg
negative_edge_00301_p02.jpg,data\pages\negative_edge\negative_edge_00301_p02.jpg,negative_edge_00301.pdf,negative_edge,pdf,2,3,0,0,,
negative_edge_00301_p03.jpg,data\pages\negative_edge\negative_edge_00301_p03.jpg,negative_edge_00301.pdf,negative_edge,pdf,3,3,0,0,,
negative_normal_00302_p01.jpg,data\pages\negative_normal\negative_normal_00302_p01.jpg,negative_normal_00302.pdf,negative_normal,pdf,1,2,0,0,,
negative_normal_00302_p02.jpg,data\pages\negative_normal\negative_normal_00302_p02.jpg,negative_normal_00302.pdf,negative_normal,pdf,2,2,0,0,gentle,17.jpg
negative_edge_00303_p01.jpg,data\pages\negative_edge\negative_edge_00303_p01.jpg,negative_edge_00303.docx,negative_edge,docx,1,3,0,0,,
negative_edge_00303_p02.jpg,data\pages\negative_edge\negative_edge_00303_p02.jpg,negative_edge_00303.docx,negative_edge,docx,2,3,0,1,blur,17.jpg
negative_edge_00303_p03.jpg,data\pages\negative_edge\negative_edge_00303_p03.jpg,negative_edge_00303.docx,negative_edge,docx,3,3,0,0,,
negative_normal_00304_p01.jpg,data\pages\negative_normal\negative_normal_00304_p01.jpg,negative_normal_00304.pdf,negative_normal,pdf,1,2,0,0,,
negative_normal_00304_p02.jpg,data\pages\negative_normal\negative_normal_00304_p02.jpg,negative_normal_00304.pdf,negative_normal,pdf,2,2,0,0,gentle,18.jpg
negative_edge_00305_p01.jpg,data\pages\negative_edge\negative_edge_00305_p01.jpg,negative_edge_00305.docx,negative_edge,docx,1,3,0,0,,
negative_edge_00305_p02.jpg,data\pages\negative_edge\negative_edge_00305_p02.jpg,negative_edge_00305.docx,negative_edge,docx,2,3,0,1,pixelated,18.jpg
negative_edge_00305_p03.jpg,data\pages\negative_edge\negative_edge_00305_p03.jpg,negative_edge_00305.docx,negative_edge,docx,3,3,0,0,,
negative_normal_00306_p01.jpg,data\pages\negative_normal\negative_normal_00306_p01.jpg,negative_normal_00306.pdf,negative_normal,pdf,1,3,0,0,gentle,19.jpg
negative_normal_00306_p02.jpg,data\pages\negative_normal\negative_normal_00306_p02.jpg,negative_normal_00306.pdf,negative_normal,pdf,2,3,0,0,,
negative_normal_00306_p03.jpg,data\pages\negative_normal\negative_normal_00306_p03.jpg,negative_normal_00306.pdf,negative_normal,pdf,3,3,0,0,,
negative_edge_00307_p01.jpg,data\pages\negative_edge\negative_edge_00307_p01.jpg,negative_edge_00307.pdf,negative_edge,pdf,1,4,0,0,,
negative_edge_00307_p02.jpg,data\pages\negative_edge\negative_edge_00307_p02.jpg,negative_edge_00307.pdf,negative_edge,pdf,2,4,0,0,,
negative_edge_00307_p03.jpg,data\pages\negative_edge\negative_edge_00307_p03.jpg,negative_edge_00307.pdf,negative_edge,pdf,3,4,0,1,noise,19.jpg
negative_normal_00308_p01.jpg,data\pages\negative_normal\negative_normal_00308_p01.jpg,negative_normal_00308.pdf,negative_normal,pdf,1,2,0,0,gentle,2.jpg
negative_normal_00308_p02.jpg,data\pages\negative_normal\negative_normal_00308_p02.jpg,negative_normal_00308.pdf,negative_normal,pdf,2,2,0,0,,
negative_edge_00309_p01.jpg,data\pages\negative_edge\negative_edge_00309_p01.jpg,negative_edge_00309.docx,negative_edge,docx,1,3,0,0,,
negative_edge_00309_p02.jpg,data\pages\negative_edge\negative_edge_00309_p02.jpg,negative_edge_00309.docx,negative_edge,docx,2,3,0,0,,
negative_edge_00309_p03.jpg,data\pages\negative_edge\negative_edge_00309_p03.jpg,negative_edge_00309.docx,negative_edge,docx,3,3,0,1,noise,2.jpg
negative_normal_00310_p01.jpg,data\pages\negative_normal\negative_normal_00310_p01.jpg,negative_normal_00310.pdf,negative_normal,pdf,1,3,0,0,,
negative_normal_00310_p02.jpg,data\pages\negative_normal\negative_normal_00310_p02.jpg,negative_normal_00310.pdf,negative_normal,pdf,2,3,0,0,gentle,3.jpg
negative_normal_00310_p03.jpg,data\pages\negative_normal\negative_normal_00310_p03.jpg,negative_normal_00310.pdf,negative_normal,pdf,3,3,0,0,,
negative_edge_00311_p01.jpg,data\pages\negative_edge\negative_edge_00311_p01.jpg,negative_edge_00311.pdf,negative_edge,pdf,1,2,0,0,,
negative_edge_00311_p02.jpg,data\pages\negative_edge\negative_edge_00311_p02.jpg,negative_edge_00311.pdf,negative_edge,pdf,2,2,0,1,shadow,3.jpg
negative_normal_00312_p01.jpg,data\pages\negative_normal\negative_normal_00312_p01.jpg,negative_normal_00312.docx,negative_normal,docx,1,2,0,0,,
negative_normal_00312_p02.jpg,data\pages\negative_normal\negative_normal_00312_p02.jpg,negative_normal_00312.docx,negative_normal,docx,2,2,0,0,gentle,4.jpg
negative_edge_00313_p01.jpg,data\pages\negative_edge\negative_edge_00313_p01.jpg,negative_edge_00313.docx,negative_edge,docx,1,4,0,0,,
negative_edge_00313_p02.jpg,data\pages\negative_edge\negative_edge_00313_p02.jpg,negative_edge_00313.docx,negative_edge,docx,2,4,0,1,noise,4.jpg
negative_edge_00313_p03.jpg,data\pages\negative_edge\negative_edge_00313_p03.jpg,negative_edge_00313.docx,negative_edge,docx,3,4,0,0,,
negative_normal_00314_p01.jpg,data\pages\negative_normal\negative_normal_00314_p01.jpg,negative_normal_00314.docx,negative_normal,docx,1,3,0,0,,
negative_normal_00314_p02.jpg,data\pages\negative_normal\negative_normal_00314_p02.jpg,negative_normal_00314.docx,negative_normal,docx,2,3,0,0,gentle,5.jpg
negative_normal_00314_p03.jpg,data\pages\negative_normal\negative_normal_00314_p03.jpg,negative_normal_00314.docx,negative_normal,docx,3,3,0,0,,
negative_edge_00315_p01.jpg,data\pages\negative_edge\negative_edge_00315_p01.jpg,negative_edge_00315.pdf,negative_edge,pdf,1,2,0,0,,
negative_edge_00315_p02.jpg,data\pages\negative_edge\negative_edge_00315_p02.jpg,negative_edge_00315.pdf,negative_edge,pdf,2,2,0,1,photocopy,5.jpg
negative_normal_00316_p01.jpg,data\pages\negative_normal\negative_normal_00316_p01.jpg,negative_normal_00316.pdf,negative_normal,pdf,1,2,0,0,gentle,6.jpg
negative_normal_00316_p02.jpg,data\pages\negative_normal\negative_normal_00316_p02.jpg,negative_normal_00316.pdf,negative_normal,pdf,2,2,0,0,,
negative_edge_00317_p01.jpg,data\pages\negative_edge\negative_edge_00317_p01.jpg,negative_edge_00317.pdf,negative_edge,pdf,1,2,0,0,,
negative_edge_00317_p02.jpg,data\pages\negative_edge\negative_edge_00317_p02.jpg,negative_edge_00317.pdf,negative_edge,pdf,2,2,0,1,photocopy,6.jpg
negative_normal_00318_p01.jpg,data\pages\negative_normal\negative_normal_00318_p01.jpg,negative_normal_00318.pdf,negative_normal,pdf,1,3,0,0,,
negative_normal_00318_p02.jpg,data\pages\negative_normal\negative_normal_00318_p02.jpg,negative_normal_00318.pdf,negative_normal,pdf,2,3,0,0,,
negative_normal_00318_p03.jpg,data\pages\negative_normal\negative_normal_00318_p03.jpg,negative_normal_00318.pdf,negative_normal,pdf,3,3,0,0,gentle,8.jpg
negative_edge_00319_p01.jpg,data\pages\negative_edge\negative_edge_00319_p01.jpg,negative_edge_00319.pdf,negative_edge,pdf,1,2,0,0,,
negative_edge_00319_p02.jpg,data\pages\negative_edge\negative_edge_00319_p02.jpg,negative_edge_00319.pdf,negative_edge,pdf,2,2,0,1,rotated,8.jpg
negative_normal_00320_p01.jpg,data\pages\negative_normal\negative_normal_00320_p01.jpg,negative_normal_00320.docx,negative_normal,docx,1,3,0,0,,
negative_normal_00320_p02.jpg,data\pages\negative_normal\negative_normal_00320_p02.jpg,negative_normal_00320.docx,negative_normal,docx,2,3,0,0,gentle,9.jpg
negative_normal_00320_p03.jpg,data\pages\negative_normal\negative_normal_00320_p03.jpg,negative_normal_00320.docx,negative_normal,docx,3,3,0,0,,
negative_edge_00321_p01.jpg,data\pages\negative_edge\negative_edge_00321_p01.jpg,negative_edge_00321.docx,negative_edge,docx,1,3,0,0,,
negative_edge_00321_p02.jpg,data\pages\negative_edge\negative_edge_00321_p02.jpg,negative_edge_00321.docx,negative_edge,docx,2,3,0,1,pixelated,9.jpg
negative_edge_00321_p03.jpg,data\pages\negative_edge\negative_edge_00321_p03.jpg,negative_edge_00321.docx,negative_edge,docx,3,3,0,0,,
